CREATE DATABASE  IF NOT EXISTS `tutorialjavacoches` /*!40100 DEFAULT CHARACTER SET utf8 */;
USE `tutorialjavacoches`;
-- MySQL dump 10.13  Distrib 5.6.13, for Win32 (x86)
--
-- Host: 127.0.0.1    Database: tutorialjavacoches
-- ------------------------------------------------------
-- Server version	5.6.16-log

/*!40101 SET @OLD_CHARACTER_SET_CLIENT=@@CHARACTER_SET_CLIENT */;
/*!40101 SET @OLD_CHARACTER_SET_RESULTS=@@CHARACTER_SET_RESULTS */;
/*!40101 SET @OLD_COLLATION_CONNECTION=@@COLLATION_CONNECTION */;
/*!40101 SET NAMES utf8 */;
/*!40103 SET @OLD_TIME_ZONE=@@TIME_ZONE */;
/*!40103 SET TIME_ZONE='+00:00' */;
/*!40014 SET @OLD_UNIQUE_CHECKS=@@UNIQUE_CHECKS, UNIQUE_CHECKS=0 */;
/*!40014 SET @OLD_FOREIGN_KEY_CHECKS=@@FOREIGN_KEY_CHECKS, FOREIGN_KEY_CHECKS=0 */;
/*!40101 SET @OLD_SQL_MODE=@@SQL_MODE, SQL_MODE='NO_AUTO_VALUE_ON_ZERO' */;
/*!40111 SET @OLD_SQL_NOTES=@@SQL_NOTES, SQL_NOTES=0 */;

--
-- Table structure for table `cliente`
--

DROP TABLE IF EXISTS `cliente`;
/*!40101 SET @saved_cs_client     = @@character_set_client */;
/*!40101 SET character_set_client = utf8 */;
CREATE TABLE `cliente` (
  `id` int(4) NOT NULL,
  `nombre` varchar(30) NOT NULL,
  `apellidos` varchar(100) NOT NULL,
  `localidad` varchar(50) NOT NULL,
  `dniNie` varchar(20) DEFAULT NULL,
  `fechaNac` datetime DEFAULT NULL,
  `activo` tinyint(1) DEFAULT NULL,
  PRIMARY KEY (`id`)
) ENGINE=InnoDB DEFAULT CHARSET=utf8;
/*!40101 SET character_set_client = @saved_cs_client */;

--
-- Dumping data for table `cliente`
--

LOCK TABLES `cliente` WRITE;
/*!40000 ALTER TABLE `cliente` DISABLE KEYS */;
INSERT INTO `cliente` VALUES (1,'Juan','Pisano Martinez','Benameji','88259183N','1969-08-21 00:00:00',1),(2,'Eva','Gutierrez Cuevas','Priego de Cordoba','63258257S','1963-08-27 00:00:00',1),(3,'Lola','Flores Gonzalez','Cabra','32517278L','1977-05-31 00:00:00',1),(4,'Pilar','Jurado Gutierrez','Cabra','26129740X','1988-10-06 00:00:00',1),(5,'Bernabea','Jurado Ruiz','Priego de Cordoba','18343697I','1983-06-09 00:00:00',1),(6,'Eustaquio','Martinez Quijano','Puente Genil','17335046E','1988-10-28 00:00:00',1),(7,'Gertrudis','Flores Martinez','Cabra','54255278Y','1970-07-20 00:00:00',1),(8,'Lola','Ruiz Bose','Cabra','21514246V','1974-11-24 00:00:00',1),(9,'Pilar','Lopez Martinez','Puente Genil','89314327O','1974-02-14 00:00:00',1),(10,'Rafa','Romero Jurado','Benameji','14216282L','2000-08-07 00:00:00',1),(11,'Argimira','Pisano Santos','Puente Genil','76165423B','1977-03-14 00:00:00',1),(12,'Gerarda','Sanchez Martinez','Puente Genil','06632650B','1981-09-06 00:00:00',1),(13,'Baudilio','Bose Carrasco','Lucena','56165623H','1994-08-17 00:00:00',1),(14,'Baltasara','Lopez Quijano','Cabra','67367610R','1998-12-19 00:00:00',1),(15,'Pedro','Quijano Martin','Cabra','57057731B','1977-05-24 00:00:00',1),(16,'Eva','Martinez Martin','Cabra','54711476V','1963-07-13 00:00:00',1),(17,'Pedro','Ruiz Pozo','Benameji','80045318W','1976-12-24 00:00:00',1),(18,'Eustaquio','Sanchez Gonzalez','Priego de Cordoba','66384233G','1996-03-30 00:00:00',1),(19,'Pilar','Bose Pisano','Cabra','37505384G','1983-11-23 00:00:00',1),(20,'Ascensio','Lopez Flores','Priego de Cordoba','49671651R','1976-06-08 00:00:00',1),(21,'Ascensio','Sanchez Sanchez','Puente Genil','75854196K','1990-09-06 00:00:00',1),(22,'Nepomunosio','Bose Santos','Cabra','81958374D','1995-09-20 00:00:00',1),(23,'Argimira','Cuevas Jurado','Puente Genil','72678977Q','1988-11-14 00:00:00',1),(24,'Ascensio','Gutierrez Sanchez','Puente Genil','46349814I','1978-04-28 00:00:00',1),(25,'Lola','Martinez Gutierrez','Lucena','31385020H','1967-05-10 00:00:00',1),(26,'Argimira','Carrasco Jurado','Priego de Cordoba','18935717R','1993-04-03 00:00:00',1),(27,'Baltasara','Ruiz Santos','Puente Genil','42354574Z','1964-07-05 00:00:00',1),(28,'Baltasara','Lopez Sanchez','Cabra','25755686S','1983-04-10 00:00:00',1),(29,'Rafa','Martinez Jurado','Palenciana','50659816C','1999-09-13 00:00:00',1),(30,'Eustaquio','Santos Ruiz','Cabra','23325377M','1996-11-09 00:00:00',1),(31,'Ascensio','Jurado Lopez','Cabra','69544931V','1978-02-07 00:00:00',1),(32,'Eustaquio','Gutierrez Carrasco','Cabra','46438120P','1998-12-13 00:00:00',1),(33,'Casimiro','Jurado Pozo','Benameji','48863776B','1994-05-25 00:00:00',1),(34,'Argimira','Santos Jurado','Priego de Cordoba','65326377Z','1976-10-05 00:00:00',1),(35,'Pablo','Gutierrez Flores','Puente Genil','85649833D','1993-09-02 00:00:00',1),(36,'Lola','Cuevas Carrasco','Lucena','01442939R','1982-08-16 00:00:00',1),(37,'Baltasara','Bose Martin','Cabra','44861864K','1997-09-26 00:00:00',1),(38,'Argimira','Sanz Pozo','Benameji','62854351J','1972-02-14 00:00:00',1),(39,'Nepomunosio','Carrasco Ruiz','Puente Genil','23952983X','1965-03-09 00:00:00',1),(40,'Baudilio','Flores Quijano','Benameji','67816478J','1976-06-15 00:00:00',1),(41,'Pablo','Santos Pozo','Cabra','72865140X','1986-05-20 00:00:00',1),(42,'Argimira','Romero Ruiz','Puente Genil','71770341Q','1978-05-21 00:00:00',1),(43,'Eustaquio','Gonzalez Pisano','Palenciana','50550368P','1971-04-02 00:00:00',1),(44,'Gerarda','Lopez Pozo','Puente Genil','61362498I','1981-06-03 00:00:00',1),(45,'Gertrudis','Jurado Gutierrez','Cabra','42139444V','1968-11-03 00:00:00',1),(46,'Gertrudis','Lopez Bose','Puente Genil','03634758L','1985-06-23 00:00:00',1),(47,'Baudilio','Cuevas Santos','Benameji','06388255M','1981-09-07 00:00:00',1),(48,'Casimiro','Lopez Gonzalez','Puente Genil','24413113X','2000-09-02 00:00:00',1),(49,'Gerarda','Carrasco Romero','Puente Genil','57748426X','1973-09-20 00:00:00',1),(50,'Rafa','Pozo Gonzalez','Cabra','72544012Z','1997-12-28 00:00:00',1),(51,'Argimira','Quijano Cuevas','Puente Genil','51772541H','1995-02-22 00:00:00',1),(52,'Baudilio','Quijano Flores','Benameji','06940852C','1971-08-06 00:00:00',1),(53,'Baudilio','Flores Gutierrez','Benameji','42126428F','1967-11-20 00:00:00',1),(54,'Gerarda','Martin Martin','Lucena','84133282F','1962-03-27 00:00:00',1),(55,'Lola','Carrasco Martin','Lucena','22387454A','1991-10-16 00:00:00',1),(56,'Argimira','Pisano Ruiz','Puente Genil','59927562R','1977-07-28 00:00:00',1),(57,'Nepomunosio','Pozo Lopez','Cabra','28627051C','1968-06-28 00:00:00',1),(58,'Lola','Ruiz Gutierrez','Priego de Cordoba','81931328G','1969-06-06 00:00:00',1),(59,'Juan','Pisano Gonzalez','Priego de Cordoba','45356545P','1988-04-30 00:00:00',1),(60,'Baudilio','Pisano Lopez','Priego de Cordoba','11452360S','1962-12-27 00:00:00',1),(61,'Carmen','Pisano Martinez','Puente Genil','25478425T','1997-09-19 00:00:00',1),(62,'Rafa','Ruiz Ruiz','Cabra','42283035D','1965-02-04 00:00:00',1),(63,'Bernabea','Martinez Pozo','Benameji','36546712P','1962-05-06 00:00:00',1),(64,'Pilar','Sanchez Pisano','Puente Genil','82322355F','1996-05-06 00:00:00',1),(65,'Juan','Quijano Martinez','Puente Genil','27866615Y','1980-03-26 00:00:00',1),(66,'Ascensio','Cuevas Martinez','Puente Genil','16252841D','1971-02-02 00:00:00',1),(67,'Casimiro','Quijano Romero','Priego de Cordoba','18824437J','1980-12-09 00:00:00',1),(68,'Juan','Santos Carrasco','Priego de Cordoba','61845545I','1975-07-03 00:00:00',1),(69,'Pablo','Jurado Santos','Palenciana','34274262A','1992-05-05 00:00:00',1),(70,'Gerarda','Santos Gonzalez','Cabra','16353885B','1984-03-26 00:00:00',1),(71,'Gerarda','Gutierrez Sanz','Priego de Cordoba','22746448S','1971-04-09 00:00:00',1),(72,'Ascensio','Santos Pisano','Benameji','82720868G','1985-03-27 00:00:00',1),(73,'Baudilio','Lopez Lopez','Priego de Cordoba','67518545J','1964-05-18 00:00:00',1),(74,'Ascensio','Bose Gutierrez','Cabra','32478154G','1962-05-06 00:00:00',1),(75,'Carmen','Sanchez Carrasco','Cabra','36818152W','1996-04-13 00:00:00',1),(76,'Eustaquio','Cuevas Martin','Puente Genil','58229263O','1983-08-30 00:00:00',1),(77,'Pedro','Pozo Ruiz','Lucena','55337772O','1978-09-25 00:00:00',1),(78,'Carmen','Romero Quijano','Benameji','39326550W','1999-08-09 00:00:00',1),(79,'Argimira','Gutierrez Lopez','Palenciana','44882494M','1987-10-21 00:00:00',1),(80,'Rafa','Sanz Carrasco','Puente Genil','66845406F','1961-05-08 00:00:00',1),(81,'Carmen','Carrasco Pisano','Cabra','14845287R','1963-11-23 00:00:00',1),(82,'Pilar','Cuevas Romero','Benameji','73612636B','1981-04-09 00:00:00',1),(83,'Casimiro','Sanchez Santos','Priego de Cordoba','24907218B','1993-06-12 00:00:00',1),(84,'Baltasara','Martin Martinez','Puente Genil','71150056P','1965-03-24 00:00:00',1),(85,'Juan','Santos Flores','Priego de Cordoba','01763424D','1972-01-20 00:00:00',1),(86,'Rafa','Gutierrez Flores','Cabra','55880350X','1990-03-02 00:00:00',1),(87,'Baltasara','Martin Pisano','Benameji','59447010P','1978-04-21 00:00:00',1),(88,'Gertrudis','Lopez Flores','Lucena','74832658B','1964-11-15 00:00:00',1),(89,'Gertrudis','Gutierrez Sanz','Benameji','18596327U','1994-04-09 00:00:00',1),(90,'Pablo','Bose Martin','Priego de Cordoba','70511566F','1999-05-17 00:00:00',1),(91,'Baltasara','Jurado Santos','Cabra','13181066V','1964-04-24 00:00:00',1),(92,'Eustaquio','Jurado Martinez','Puente Genil','78474768S','1984-03-10 00:00:00',1),(93,'Pablo','Martinez Quijano','Priego de Cordoba','98380365F','1999-12-27 00:00:00',1),(94,'Eustaquio','Gutierrez Cuevas','Priego de Cordoba','52159134F','1992-09-25 00:00:00',1),(95,'Bernabea','Gutierrez Sanchez','Puente Genil','74484340W','1962-09-15 00:00:00',1),(96,'Juan','Cuevas Pisano','Puente Genil','13337368E','1967-12-30 00:00:00',1),(97,'Argimira','Pozo Pisano','Lucena','64451501B','1979-06-13 00:00:00',1),(98,'Ascensio','Carrasco Sanchez','Lucena','88347747L','1973-03-26 00:00:00',1),(99,'Eva','Sanchez Gonzalez','Priego de Cordoba','86440626K','1997-10-20 00:00:00',1),(100,'Argimira','Romero Pisano','Priego de Cordoba','36788619F','1984-11-04 00:00:00',1),(101,'Baudilio','Martin Romero','Cabra','44764695Q','1984-07-30 00:00:00',1),(102,'Juan','Martinez Flores','Priego de Cordoba','91844448O','1966-08-26 00:00:00',1),(103,'Ascensio','Ruiz Bose','Cabra','29773143G','1975-10-07 00:00:00',1),(104,'Eva','Martin Ruiz','Puente Genil','73368335C','1974-08-06 00:00:00',1),(105,'Juan','Martin Sanz','Puente Genil','92721241O','1975-05-05 00:00:00',1),(106,'Lola','Quijano Pozo','Benameji','38322474O','1999-11-10 00:00:00',1),(107,'Eva','Carrasco Santos','Cabra','38743251J','1976-08-12 00:00:00',1),(108,'Baltasara','Martin Bose','Puente Genil','64008577D','1994-01-25 00:00:00',1),(109,'Argimira','Gutierrez Flores','Benameji','02046742S','1975-07-22 00:00:00',1),(110,'Baudilio','Jurado Ruiz','Priego de Cordoba','41878707Z','1979-05-21 00:00:00',1),(111,'Pilar','Sanchez Santos','Palenciana','16136160P','1965-11-05 00:00:00',1),(112,'Ascensio','Santos Flores','Cabra','56938646O','1975-11-08 00:00:00',1),(113,'Rafa','Flores Pisano','Cabra','79794813F','1963-10-18 00:00:00',1),(114,'Baudilio','Bose Jurado','Puente Genil','78577347O','1962-02-01 00:00:00',1),(115,'Eva','Martinez Ruiz','Puente Genil','40882045X','1964-10-18 00:00:00',1),(116,'Ascensio','Carrasco Gutierrez','Benameji','38347877T','1986-10-04 00:00:00',1),(117,'Rafa','Santos Sanz','Benameji','72403636W','1995-05-26 00:00:00',1),(118,'Baltasara','Jurado Carrasco','Palenciana','26026357L','1978-10-09 00:00:00',1),(119,'Pedro','Flores Pozo','Puente Genil','15171298J','1973-07-22 00:00:00',1),(120,'Gerarda','Martinez Ruiz','Puente Genil','11242072I','1976-02-25 00:00:00',1),(121,'Gerarda','Santos Romero','Priego de Cordoba','83489784D','1964-07-11 00:00:00',1),(122,'Casimiro','Quijano Pozo','Priego de Cordoba','68863813C','1976-10-30 00:00:00',1),(123,'Juan','Jurado Martinez','Benameji','89892137P','1969-04-30 00:00:00',1),(124,'Bernabea','Martin Gutierrez','Puente Genil','88070397O','1963-06-22 00:00:00',1),(125,'Pablo','Sanchez Bose','Cabra','46973533B','1991-09-13 00:00:00',1),(126,'Bernabea','Flores Ruiz','Benameji','93233107X','1969-07-17 00:00:00',1),(127,'Pedro','Sanz Martin','Lucena','88642365T','1969-03-26 00:00:00',1),(128,'Lola','Jurado Bose','Benameji','50651743J','1974-08-02 00:00:00',1),(129,'Argimira','Martinez Cuevas','Cabra','81850469W','1973-02-14 00:00:00',1),(130,'Rafa','Cuevas Martin','Puente Genil','26528671K','1978-05-24 00:00:00',1),(131,'Gertrudis','Bose Flores','Priego de Cordoba','62524483S','1991-05-15 00:00:00',1),(132,'Baudilio','Gonzalez Sanchez','Palenciana','42677871D','1983-09-20 00:00:00',1),(133,'Pedro','Gonzalez Jurado','Benameji','51478696A','1961-05-26 00:00:00',1),(134,'Casimiro','Santos Gonzalez','Puente Genil','07920278Q','1994-12-29 00:00:00',1),(135,'Argimira','Ruiz Gutierrez','Priego de Cordoba','65231598V','1980-05-01 00:00:00',1),(136,'Baudilio','Quijano Martinez','Lucena','61741679I','1972-02-29 00:00:00',1),(137,'Juan','Romero Quijano','Lucena','06774717K','1991-06-30 00:00:00',1),(138,'Argimira','Jurado Pozo','Cabra','22714153H','1991-06-08 00:00:00',1),(139,'Pedro','Martinez Ruiz','Priego de Cordoba','83423872Q','1965-05-23 00:00:00',1),(140,'Gertrudis','Pozo Sanz','Benameji','59213103R','1969-03-10 00:00:00',1),(141,'Ascensio','Quijano Pozo','Benameji','37125970J','1989-09-24 00:00:00',1),(142,'Carmen','Pisano Ruiz','Lucena','08260131S','1987-04-27 00:00:00',1),(143,'Casimiro','Carrasco Lopez','Cabra','69657654S','1990-03-08 00:00:00',1),(144,'Baudilio','Carrasco Romero','Benameji','58754547N','1990-02-17 00:00:00',1),(145,'Baltasara','Carrasco Gutierrez','Palenciana','72832511K','1963-08-17 00:00:00',1),(146,'Casimiro','Pozo Cuevas','Cabra','85145454F','1971-12-13 00:00:00',1),(147,'Lola','Carrasco Bose','Benameji','85833067M','1991-05-27 00:00:00',1),(148,'Pablo','Jurado Pisano','Puente Genil','20296933R','1979-03-31 00:00:00',1),(149,'Argimira','Flores Gutierrez','Palenciana','54639257N','1969-04-20 00:00:00',1),(150,'Carmen','Quijano Bose','Puente Genil','51557535J','1987-07-20 00:00:00',1),(151,'Rafa','Quijano Ruiz','Cabra','68340484K','1988-02-13 00:00:00',1),(152,'Pablo','Quijano Martinez','Lucena','34561153S','1967-01-24 00:00:00',1),(153,'Gerarda','Quijano Lopez','Cabra','82482150T','1977-11-23 00:00:00',1),(154,'Pilar','Bose Sanchez','Cabra','05110724Y','1963-01-15 00:00:00',1),(155,'Pablo','Carrasco Pisano','Lucena','63620592V','1995-07-08 00:00:00',1),(156,'Pablo','Sanchez Santos','Cabra','78836167U','1965-02-18 00:00:00',1),(157,'Bernabea','Cuevas Cuevas','Cabra','11446295N','1968-12-28 00:00:00',1),(158,'Casimiro','Gonzalez Flores','Puente Genil','94251729T','1973-01-11 00:00:00',1),(159,'Bernabea','Romero Sanchez','Cabra','32424114N','1981-04-05 00:00:00',1),(160,'Bernabea','Lopez Carrasco','Priego de Cordoba','34441755P','1968-12-04 00:00:00',1),(161,'Casimiro','Gutierrez Carrasco','Cabra','56393693H','1995-10-10 00:00:00',1),(162,'Pablo','Flores Ruiz','Priego de Cordoba','79555133H','1976-03-05 00:00:00',1),(163,'Gertrudis','Ruiz Flores','Puente Genil','98427318Y','1970-03-07 00:00:00',1),(164,'Gerarda','Romero Ruiz','Cabra','11131847R','1963-04-19 00:00:00',1),(165,'Carmen','Quijano Martinez','Puente Genil','94346725Q','1979-09-19 00:00:00',1),(166,'Gertrudis','Bose Cuevas','Priego de Cordoba','47336844J','1995-08-04 00:00:00',1),(167,'Eva','Jurado Sanz','Lucena','27663223T','1968-09-30 00:00:00',1),(168,'Juan','Quijano Pozo','Cabra','68818966F','1992-10-05 00:00:00',1),(169,'Ascensio','Martin Jurado','Puente Genil','95518956V','1994-09-11 00:00:00',1),(170,'Lola','Gonzalez Sanchez','Priego de Cordoba','09600471H','1979-07-06 00:00:00',1),(171,'Eustaquio','Bose Gutierrez','Benameji','88633545V','1991-07-17 00:00:00',1),(172,'Gerarda','Bose Pisano','Benameji','26335722L','1965-03-13 00:00:00',1),(173,'Eustaquio','Lopez Martinez','Benameji','38167408O','1972-09-22 00:00:00',1),(174,'Juan','Pisano Ruiz','Palenciana','38450226K','1980-05-13 00:00:00',1),(175,'Eustaquio','Sanz Sanchez','Priego de Cordoba','42234327E','1999-02-08 00:00:00',1),(176,'Juan','Quijano Lopez','Lucena','74528455W','1960-05-18 00:00:00',1),(177,'Lola','Santos Romero','Palenciana','58683511K','1986-03-23 00:00:00',1),(178,'Argimira','Romero Lopez','Benameji','64413135P','1992-01-25 00:00:00',1),(179,'Pilar','Bose Flores','Priego de Cordoba','53531158W','1969-02-28 00:00:00',1),(180,'Baudilio','Cuevas Pozo','Cabra','46748731H','1978-05-17 00:00:00',1),(181,'Argimira','Sanchez Carrasco','Priego de Cordoba','99519447V','1966-03-16 00:00:00',1),(182,'Pilar','Sanz Jurado','Priego de Cordoba','23804884C','1991-08-14 00:00:00',1),(183,'Gertrudis','Quijano Jurado','Benameji','28645357X','1964-05-08 00:00:00',1),(184,'Bernabea','Quijano Romero','Priego de Cordoba','69162518K','1993-11-26 00:00:00',1),(185,'Rafa','Ruiz Gutierrez','Lucena','73687544C','1968-04-13 00:00:00',1),(186,'Gertrudis','Sanz Cuevas','Benameji','89588308N','1983-04-02 00:00:00',1),(187,'Rafa','Pozo Cuevas','Priego de Cordoba','84822344O','1975-03-13 00:00:00',1),(188,'Pablo','Martinez Bose','Puente Genil','04099117G','1993-06-21 00:00:00',1),(189,'Argimira','Ruiz Cuevas','Puente Genil','37162437P','1995-06-25 00:00:00',1),(190,'Gertrudis','Lopez Romero','Benameji','78248213Q','1977-12-25 00:00:00',1),(191,'Rafa','Jurado Martinez','Cabra','61328252G','1987-11-28 00:00:00',1),(192,'Baltasara','Gonzalez Santos','Puente Genil','75391399D','1991-10-14 00:00:00',1),(193,'Eva','Martinez Sanz','Priego de Cordoba','03394686Q','1967-06-29 00:00:00',1),(194,'Nepomunosio','Martinez Romero','Priego de Cordoba','67943958J','1962-02-16 00:00:00',1),(195,'Pilar','Lopez Jurado','Cabra','56667655H','1978-05-30 00:00:00',1),(196,'Pablo','Gonzalez Romero','Cabra','03818782W','1963-12-01 00:00:00',1),(197,'Ascensio','Martin Santos','Puente Genil','34374866E','1979-02-24 00:00:00',1),(198,'Casimiro','Martin Flores','Priego de Cordoba','83625147V','1996-08-20 00:00:00',1),(199,'Juan','Flores Flores','Palenciana','59156739E','1960-08-03 00:00:00',1),(200,'Lola','Sanchez Pisano','Benameji','77244576Q','1967-06-19 00:00:00',1);
/*!40000 ALTER TABLE `cliente` ENABLE KEYS */;
UNLOCK TABLES;

--
-- Table structure for table `coche`
--

DROP TABLE IF EXISTS `coche`;
/*!40101 SET @saved_cs_client     = @@character_set_client */;
/*!40101 SET character_set_client = utf8 */;
CREATE TABLE `coche` (
  `id` int(11) NOT NULL,
  `idfabricante` int(4) NOT NULL,
  `bastidor` varchar(30) DEFAULT NULL,
  `modelo` varchar(45) DEFAULT NULL,
  `color` varchar(30) DEFAULT NULL,
  PRIMARY KEY (`id`),
  KEY `fk_coche_marca1_idx` (`idfabricante`),
  CONSTRAINT `fk_coche_marca1` FOREIGN KEY (`idfabricante`) REFERENCES `fabricante` (`id`) ON DELETE NO ACTION ON UPDATE NO ACTION
) ENGINE=InnoDB DEFAULT CHARSET=utf8;
/*!40101 SET character_set_client = @saved_cs_client */;

--
-- Dumping data for table `coche`
--

LOCK TABLES `coche` WRITE;
/*!40000 ALTER TABLE `coche` DISABLE KEYS */;
INSERT INTO `coche` VALUES (1,2,'56638641785091501','PM21','Verde'),(2,5,'77468726655974569','GL86','Amarillo'),(3,4,'55781511957772426','YA82','Azul'),(4,3,'36066151694867233','UE37','Verde'),(5,4,'28315598296551237','VY75','Verde'),(6,3,'01262764773403698','TS13','Verde'),(7,2,'71567770782377468','YT58','Negro'),(8,1,'75463728419695741','NU56','Amarillo'),(9,7,'20169579655463711','XT56','Gris'),(10,4,'42524259359888653','NI38','Amarillo'),(11,4,'54504883575460517','KQ23','Negro'),(12,1,'22158172936344771','TN43','Negro'),(13,1,'91477234977143836','QL78','Negro'),(14,2,'20413468773362403','JR85','Azul'),(15,6,'32126462184812517','LC91','Azul'),(16,2,'05351891771657434','IX24','Rojo'),(17,6,'58131114754862575','YT62','Amarillo'),(18,2,'85947557928357033','TH11','Blanco'),(19,5,'50911428424936952','RP06','Blanco'),(20,5,'86422501799217842','HG58','Azul'),(21,2,'23635394695128626','JY36','Rojo'),(22,4,'82400523481696968','RE40','Azul'),(23,3,'21586628748508036','WJ51','Gris'),(24,5,'15302682644748103','VN43','Azul'),(25,6,'06503514382617936','IY28','Rojo'),(26,4,'66854267547584832','XE34','Amarillo'),(27,6,'18357245657634751','DQ27','Negro'),(28,5,'24612294376526361','TB76','Amarillo'),(29,4,'47893832050462944','FK87','Negro'),(30,2,'57990167573685414','NN75','Blanco'),(31,1,'38270348287689645','WP73','Negro'),(32,2,'43955565425845365','PM51','Amarillo'),(33,3,'17133334302913954','TF83','Rojo'),(34,7,'49737413518572837','JM00','Amarillo'),(35,6,'64247788931725863','LZ56','Verde'),(36,2,'74855747253731162','YT29','Amarillo'),(37,4,'26194618350526128','YE82','Amarillo'),(38,3,'52815412213149318','TU16','Rojo'),(39,2,'93161865065778784','ZG53','Negro'),(40,2,'33961383626477747','ZG62','Gris'),(41,4,'46129824665978912','VP08','Azul'),(42,1,'25789324884916908','YG20','Verde'),(43,4,'20731768498128568','TO29','Blanco'),(44,7,'84727178316483763','DR00','Verde'),(45,6,'74838781216477472','HS47','Azul'),(46,5,'79837310507034442','YY21','Azul'),(47,4,'56268993443952063','LH34','Negro'),(48,5,'22318181708782564','XT20','Negro'),(49,3,'65415248177822334','OU74','Amarillo'),(50,5,'01367901013262487','XF01','Azul'),(51,5,'73974757673268839','MF39','Amarillo'),(52,5,'30616386547188459','XY95','Azul'),(53,5,'32069235145382127','OT81','Rojo'),(54,1,'69751782751026854','LX11','Rojo'),(55,6,'67737501457526151','RL25','Verde'),(56,5,'32462469478431335','FD46','Gris'),(57,3,'03303621122546126','JF42','Azul'),(58,5,'88213875261176617','UZ07','Amarillo'),(59,3,'60732528895335554','BO93','Azul'),(60,5,'86180456618061217','LX01','Amarillo'),(61,2,'21423187628913182','VZ18','Azul'),(62,5,'58541710350011631','KW51','Verde'),(63,3,'96336504874284227','HY68','Azul'),(64,3,'25370676594119182','LK28','Rojo'),(65,2,'53343747272161637','NO66','Azul'),(66,2,'37089091118531635','FW33','Negro'),(67,7,'75951557012703158','AW47','Blanco'),(68,2,'16805140627126977','XJ13','Negro'),(69,5,'48811556753532338','JY57','Amarillo'),(70,6,'57646764581806973','OF22','Amarillo'),(71,5,'40231542742655451','BY65','Blanco'),(72,6,'27447346243028406','MV84','Amarillo'),(73,1,'84401277384502306','WU23','Blanco'),(74,3,'59241316773974651','UZ44','Amarillo'),(75,6,'45195386970668502','SJ33','Negro'),(76,4,'34675983523185213','RH52','Amarillo'),(77,5,'50432436924725441','JA54','Azul'),(78,4,'71318495571887431','AQ55','Verde'),(79,2,'73421281410618670','VO46','Azul'),(80,5,'45354765144531304','OC27','Negro'),(81,2,'10682295519388274','FM61','Negro'),(82,3,'56056260233337767','NO35','Rojo'),(83,6,'65140888472446763','OX53','Rojo'),(84,3,'43322653499504166','RE25','Rojo'),(85,5,'13341047728733438','RP48','Amarillo'),(86,6,'52486303798675259','OQ76','Azul'),(87,3,'59029058392923744','EC24','Blanco'),(88,4,'53137623535838916','QW51','Gris'),(89,6,'85373081208128381','XY77','Azul'),(90,2,'03703061917480777','UC56','Gris'),(91,4,'65236766587678248','TS53','Negro'),(92,2,'43176161123971314','HD32','Blanco'),(93,1,'46754957235752472','DR67','Amarillo'),(94,5,'74785461132052337','KG61','Rojo'),(95,6,'44410327274832561','GC29','Blanco'),(96,3,'11568266941732265','NJ38','Amarillo'),(97,2,'86064641314311611','TP07','Negro'),(98,2,'47825753576312662','RD46','Blanco'),(99,7,'38336113425335513','HY38','Blanco'),(100,6,'16785235437267546','LI77','Negro'),(101,2,'42956518477703592','IC84','Rojo'),(102,6,'67127866508116319','WP31','Amarillo'),(103,2,'85274542110886229','SX52','Amarillo'),(104,6,'45048888882941658','TT38','Verde'),(105,4,'81388101311406918','OC18','Negro'),(106,2,'22369535163317793','UG35','Verde'),(107,5,'12598359732518154','SX39','Rojo'),(108,2,'54137841342325916','PY67','Amarillo'),(109,2,'58598292527555257','FM85','Amarillo'),(110,5,'83558967531238246','QS62','Blanco'),(111,6,'59145686752883715','BY63','Azul'),(112,4,'13015243186665240','QI63','Verde'),(113,6,'77036776869325353','PH29','Amarillo'),(114,2,'87667411144101213','OF72','Azul'),(115,1,'31864357426125387','WQ56','Amarillo'),(116,6,'83363316712836605','JB80','Azul'),(117,7,'96992777876745628','MC96','Verde'),(118,1,'33503724323734785','CD31','Verde'),(119,5,'98500268416314171','RJ72','Gris'),(120,4,'27226482680782733','PY58','Amarillo'),(121,6,'26571124512653502','VG94','Verde'),(122,7,'58144423165364456','KV11','Verde'),(123,2,'24325324088567559','DM51','Azul'),(124,2,'52821697132873778','DU22','Amarillo'),(125,4,'87243287631784994','NP96','Amarillo'),(126,3,'91658176619928778','RP72','Verde'),(127,7,'52600527796281217','JA30','Verde'),(128,7,'17727364553417863','OO40','Amarillo'),(129,2,'09756543097377865','XP27','Amarillo'),(130,3,'13513336417554863','NG86','Blanco'),(131,3,'24847344103265509','RR27','Verde'),(132,4,'88894261159337454','SN61','Verde'),(133,3,'73881075222582461','CN38','Verde'),(134,4,'74297569738433127','VG12','Blanco'),(135,5,'73064846751511472','UU63','Azul'),(136,5,'33657154102550656','XX68','Negro'),(137,5,'37998713845822976','CG81','Blanco'),(138,3,'45985773681368132','KR74','Rojo'),(139,3,'96148183264743764','US15','Negro'),(140,3,'32577663810585509','PT54','Rojo'),(141,4,'26387451821858911','ZE54','Verde'),(142,1,'80128581377831728','UD01','Negro'),(143,6,'23415888866177778','LF22','Azul'),(144,5,'33453236822876679','CE65','Gris'),(145,3,'19486567538627523','OU86','Rojo'),(146,2,'46785428513634123','RW49','Negro'),(147,5,'66423682363083134','US97','Rojo'),(148,2,'43235466687511737','AV45','Amarillo'),(149,6,'47374082852113386','LE71','Rojo'),(150,5,'54296595570814845','EX18','Gris'),(151,3,'75922317162573876','YK25','Amarillo'),(152,1,'20570812360560636','MV22','Verde'),(153,5,'25378762379540896','CY70','Azul'),(154,3,'60226157963420565','UP26','Gris'),(155,4,'28717205846597258','GN49','Azul'),(156,4,'47521065821761876','IF76','Negro'),(157,2,'86568314341641449','XR96','Rojo'),(158,3,'55785485403461817','II84','Amarillo'),(159,3,'68101794885395506','NX84','Azul'),(160,6,'09710914681155356','HB64','Gris'),(161,3,'06779184519744273','NU86','Amarillo'),(162,3,'82280318531122611','QW61','Blanco'),(163,6,'49555254318146192','XB28','Azul'),(164,2,'13433748829306145','GU26','Amarillo'),(165,4,'45832315574982241','PN71','Amarillo'),(166,2,'99829736233354752','ET39','Verde'),(167,4,'06312848798763228','WI16','Amarillo'),(168,4,'83732314177055153','KI87','Verde'),(169,2,'63331267731428135','CJ18','Amarillo'),(170,6,'75248138458131828','TM78','Negro'),(171,6,'64678748164815578','CD73','Gris'),(172,3,'95319004637837527','IW15','Azul'),(173,2,'91334761131403848','UT66','Amarillo'),(174,3,'98748896872300341','JO20','Azul'),(175,5,'75801830151529542','KL51','Negro'),(176,2,'72917592705625154','CD33','Negro'),(177,2,'04251021656621445','DY19','Rojo'),(178,2,'70677189535732351','XB06','Blanco'),(179,3,'47689823472548857','WY83','Negro'),(180,6,'48936747362686337','RL31','Gris'),(181,2,'11816417783465825','XO31','Negro'),(182,6,'36291849223857167','XG10','Gris'),(183,4,'71675432551216273','QE21','Azul'),(184,5,'51457485762937292','LF36','Negro'),(185,1,'14135928132473393','TN75','Verde'),(186,6,'41585038708341121','NY86','Verde'),(187,6,'51388665364538226','LT31','Rojo'),(188,2,'44560717051610337','RK52','Amarillo'),(189,4,'75343593881576479','YA29','Negro'),(190,5,'77557642861185217','XG18','Negro'),(191,5,'57534747214146834','UV65','Negro'),(192,3,'17481202026311016','BD91','Amarillo'),(193,4,'63370867871411136','TV35','Rojo'),(194,6,'92386644311118291','NR11','Gris'),(195,6,'35590543151172006','CE89','Amarillo'),(196,4,'71418833296588418','SH75','Gris'),(197,2,'63545863985256762','JO38','Verde'),(198,4,'62261562445747793','LX73','Amarillo'),(199,3,'16374772314127294','RQ76','Verde'),(200,4,'88037327818985259','RU94','Verde');
/*!40000 ALTER TABLE `coche` ENABLE KEYS */;
UNLOCK TABLES;

--
-- Table structure for table `concesionario`
--

DROP TABLE IF EXISTS `concesionario`;
/*!40101 SET @saved_cs_client     = @@character_set_client */;
/*!40101 SET character_set_client = utf8 */;
CREATE TABLE `concesionario` (
  `id` int(4) NOT NULL,
  `cif` varchar(20) DEFAULT NULL,
  `nombre` varchar(100) NOT NULL,
  `localidad` varchar(50) DEFAULT NULL,
  PRIMARY KEY (`id`)
) ENGINE=InnoDB DEFAULT CHARSET=utf8;
/*!40101 SET character_set_client = @saved_cs_client */;

--
-- Dumping data for table `concesionario`
--

LOCK TABLES `concesionario` WRITE;
/*!40000 ALTER TABLE `concesionario` DISABLE KEYS */;
INSERT INTO `concesionario` VALUES (1,'63109801F','Hermanos Lopez','Lucena'),(2,'22135446Z','Concesionario Gonzalez','Priego de Cordoba'),(3,'12173413X','Sociedad Cuevas','Benameji'),(4,'65605587Q','Coches de Lopez','Priego de Cordoba'),(5,'52333627P','Sociedad Flores','Puente Genil'),(6,'57652275O','Hermanos Romero','Cabra'),(7,'36176730Q','Sociedad Bose','Lucena'),(8,'56083768Q','Sociedad Lopez','Puente Genil'),(9,'25332383H','Sociedad Jurado','Lucena'),(10,'48328683J','Sociedad Martinez','Cabra'),(11,'22832166Q','Concesionario Jurado','Cabra'),(12,'76678867F','Sociedad Carrasco','Cabra'),(13,'05287788L','Sociedad Pisano','Puente Genil'),(14,'75261756Y','Coches de Lopez','Priego de Cordoba'),(15,'86633414Q','Hermanos Romero','Priego de Cordoba'),(16,'62633272Y','Hermanos Pozo','Cabra'),(17,'56426567J','Sociedad Gonzalez','Lucena'),(18,'84006524K','Hermanos Martin','Priego de Cordoba'),(19,'69031397N','Coches de Romero','Priego de Cordoba'),(20,'35082696Y','Concesionario Sanchez','Puente Genil');
/*!40000 ALTER TABLE `concesionario` ENABLE KEYS */;
UNLOCK TABLES;

--
-- Table structure for table `fabricante`
--

DROP TABLE IF EXISTS `fabricante`;
/*!40101 SET @saved_cs_client     = @@character_set_client */;
/*!40101 SET character_set_client = utf8 */;
CREATE TABLE `fabricante` (
  `id` int(4) NOT NULL DEFAULT '0',
  `cif` varchar(20) DEFAULT NULL,
  `nombre` varchar(15) NOT NULL,
  PRIMARY KEY (`id`)
) ENGINE=InnoDB DEFAULT CHARSET=utf8;
/*!40101 SET character_set_client = @saved_cs_client */;

--
-- Dumping data for table `fabricante`
--

LOCK TABLES `fabricante` WRITE;
/*!40000 ALTER TABLE `fabricante` DISABLE KEYS */;
INSERT INTO `fabricante` VALUES (1,'26646336U','Renault'),(2,'76833221I','Citroen'),(3,'06860347I','Peugeot'),(4,'95034938H','Dacia'),(5,'64895423O','Kia'),(6,'43922844Q','Hyundai'),(7,'68397364K','Honda');
/*!40000 ALTER TABLE `fabricante` ENABLE KEYS */;
UNLOCK TABLES;

--
-- Table structure for table `venta`
--

DROP TABLE IF EXISTS `venta`;
/*!40101 SET @saved_cs_client     = @@character_set_client */;
/*!40101 SET character_set_client = utf8 */;
CREATE TABLE `venta` (
  `id` int(4) NOT NULL DEFAULT '0',
  `idCliente` int(4) NOT NULL,
  `idConcesionario` int(4) NOT NULL,
  `idCoche` int(11) NOT NULL,
  `fecha` datetime DEFAULT NULL,
  `precioVenta` float DEFAULT NULL,
  PRIMARY KEY (`id`),
  KEY `fk_venta_cliente1_idx` (`idCliente`),
  KEY `fk_venta_concesionario1_idx` (`idConcesionario`),
  KEY `fk_venta_coche1_idx` (`idCoche`),
  CONSTRAINT `fk_venta_cliente1` FOREIGN KEY (`idCliente`) REFERENCES `cliente` (`id`) ON DELETE NO ACTION ON UPDATE NO ACTION,
  CONSTRAINT `fk_venta_concesionario1` FOREIGN KEY (`idConcesionario`) REFERENCES `concesionario` (`id`) ON DELETE NO ACTION ON UPDATE NO ACTION,
  CONSTRAINT `fk_venta_coche1` FOREIGN KEY (`idCoche`) REFERENCES `coche` (`id`) ON DELETE NO ACTION ON UPDATE NO ACTION
) ENGINE=InnoDB DEFAULT CHARSET=utf8;
/*!40101 SET character_set_client = @saved_cs_client */;

--
-- Dumping data for table `venta`
--

LOCK TABLES `venta` WRITE;
/*!40000 ALTER TABLE `venta` DISABLE KEYS */;
INSERT INTO `venta` VALUES (1,1,12,1,'2015-06-13 00:00:00',40396.9),(2,2,2,2,'2018-06-05 00:00:00',36074.6),(3,3,15,3,'2007-10-22 00:00:00',5633.03),(4,4,14,4,'2007-01-25 00:00:00',23378.8),(5,5,12,5,'2004-09-21 00:00:00',39617.9),(6,6,20,6,'2016-04-10 00:00:00',2563.17),(7,7,16,7,'2005-11-15 00:00:00',27957.2),(8,8,9,8,'2010-10-22 00:00:00',40532.8),(9,9,1,9,'2000-02-19 00:00:00',4104.54),(10,10,18,10,'2017-11-22 00:00:00',8642.15),(11,11,18,11,'2009-06-22 00:00:00',27332.7),(12,12,19,12,'2004-10-12 00:00:00',34055),(13,13,10,13,'2011-10-11 00:00:00',10754.7),(14,14,20,14,'2008-02-13 00:00:00',4808.43),(15,15,2,15,'2006-12-16 00:00:00',7440.22),(16,16,11,16,'2010-09-21 00:00:00',10051.8),(17,17,7,17,'2004-10-24 00:00:00',10672.9),(18,18,10,18,'2001-08-28 00:00:00',18830.3),(19,19,1,19,'2010-10-13 00:00:00',40944.8),(20,20,16,20,'2017-10-18 00:00:00',12888.6),(21,21,16,21,'2012-02-17 00:00:00',12052.5),(22,22,17,22,'2007-03-18 00:00:00',7121.43),(23,23,18,23,'2016-07-07 00:00:00',21995.3),(24,24,11,24,'2003-04-15 00:00:00',32175.8),(25,25,13,25,'2018-05-28 00:00:00',23586.9),(26,26,17,26,'2009-02-16 00:00:00',22184.5),(27,27,14,27,'2015-02-07 00:00:00',26095.1),(28,28,17,28,'2006-01-20 00:00:00',28109.8),(29,29,15,29,'2017-09-03 00:00:00',18745.5),(30,30,4,30,'2007-02-27 00:00:00',10701.9),(31,31,12,31,'2017-09-07 00:00:00',25818.8),(32,32,13,32,'2007-09-24 00:00:00',2778.86),(33,33,18,33,'2010-12-30 00:00:00',32988.8),(34,34,15,34,'2014-02-12 00:00:00',7521.86),(35,35,2,35,'2005-08-09 00:00:00',34605.2),(36,36,9,36,'2007-03-01 00:00:00',14637.5),(37,37,5,37,'2004-06-06 00:00:00',5594.47),(38,38,15,38,'2001-04-29 00:00:00',33760.5),(39,39,17,39,'2000-08-17 00:00:00',3271.87),(40,40,3,40,'2008-08-18 00:00:00',31578.2),(41,41,12,41,'2013-09-22 00:00:00',39328.6),(42,42,6,42,'2010-04-22 00:00:00',36481.4),(43,43,13,43,'2002-10-06 00:00:00',21889.1),(44,44,9,44,'2005-11-22 00:00:00',23192.2),(45,45,2,45,'2003-03-24 00:00:00',24651.1),(46,46,17,46,'2012-02-06 00:00:00',25487.3),(47,47,11,47,'2015-09-09 00:00:00',15497.3),(48,48,6,48,'2014-09-04 00:00:00',8609.99),(49,49,19,49,'2005-11-05 00:00:00',20531.4),(50,50,10,50,'2013-11-09 00:00:00',39596.5),(51,51,5,51,'2016-10-17 00:00:00',37958.1),(52,52,19,52,'2007-01-05 00:00:00',34135.7),(53,53,2,53,'2010-08-12 00:00:00',5279.21),(54,54,1,54,'2017-04-23 00:00:00',15452.6),(55,55,15,55,'2014-04-28 00:00:00',25903.6),(56,56,11,56,'2006-04-27 00:00:00',36731.2),(57,57,15,57,'2016-02-26 00:00:00',4496.44),(58,58,15,58,'2004-03-06 00:00:00',35813.4),(59,59,13,59,'2005-06-15 00:00:00',43426.9),(60,60,5,60,'2014-07-19 00:00:00',38298.1),(61,61,16,61,'2010-12-12 00:00:00',34442.1),(62,62,12,62,'2016-02-22 00:00:00',18082.6),(63,63,9,63,'2017-10-11 00:00:00',15148.6),(64,64,19,64,'2018-10-22 00:00:00',23706.1),(65,65,7,65,'2017-08-10 00:00:00',31656.8),(66,66,4,66,'2015-10-16 00:00:00',17797),(67,67,13,67,'2015-11-18 00:00:00',18843.9),(68,68,18,68,'2015-02-13 00:00:00',10484.9),(69,69,14,69,'2009-07-02 00:00:00',15682.9),(70,70,12,70,'2007-02-07 00:00:00',5713.99),(71,71,18,71,'2013-08-03 00:00:00',37114.9),(72,72,11,72,'2008-12-13 00:00:00',44136.2),(73,73,4,73,'2014-06-28 00:00:00',20678),(74,74,15,74,'2013-05-08 00:00:00',17700.8),(75,75,7,75,'2002-08-11 00:00:00',2524.63),(76,76,15,76,'2004-06-27 00:00:00',21171.8),(77,77,18,77,'2017-02-11 00:00:00',8518.99),(78,78,6,78,'2006-07-16 00:00:00',13602.8),(79,79,7,79,'2013-08-30 00:00:00',8730.43),(80,80,13,80,'2011-02-08 00:00:00',4029.46),(81,81,4,81,'2007-09-29 00:00:00',39745.6),(82,82,13,82,'2018-10-29 00:00:00',8982.75),(83,83,4,83,'2017-04-07 00:00:00',7426.19),(84,84,15,84,'2013-05-30 00:00:00',3331.01),(85,85,6,85,'2011-09-01 00:00:00',37959.7),(86,86,20,86,'2015-04-03 00:00:00',16146.2),(87,87,7,87,'2015-09-16 00:00:00',37886.2),(88,88,3,88,'2016-12-01 00:00:00',22565.4),(89,89,12,89,'2007-08-05 00:00:00',17783.1),(90,90,5,90,'2001-07-31 00:00:00',6694.59),(91,91,2,91,'2017-09-02 00:00:00',39506.2),(92,92,19,92,'2009-03-20 00:00:00',7143.84),(93,93,5,93,'2006-05-03 00:00:00',1614.12),(94,94,2,94,'2000-01-23 00:00:00',7455.27),(95,95,15,95,'2014-05-28 00:00:00',16562.8),(96,96,5,96,'2008-06-15 00:00:00',42057.1),(97,97,7,97,'2015-03-30 00:00:00',28809.1),(98,98,8,98,'2005-06-29 00:00:00',43576.2),(99,99,20,99,'2006-04-10 00:00:00',15863.5),(100,100,3,100,'2000-05-02 00:00:00',2782.74),(101,101,1,101,'2008-05-12 00:00:00',8310.46),(102,102,6,102,'2018-02-26 00:00:00',34265.8),(103,103,9,103,'2000-05-03 00:00:00',44641.2),(104,104,2,104,'2009-04-09 00:00:00',15443),(105,105,5,105,'2000-03-13 00:00:00',31524.7),(106,106,17,106,'2005-02-24 00:00:00',14648.2),(107,107,2,107,'2002-08-07 00:00:00',44322),(108,108,11,108,'2012-07-13 00:00:00',42293.2),(109,109,3,109,'2002-06-28 00:00:00',14005.9),(110,110,18,110,'2017-01-30 00:00:00',27092.8),(111,111,5,111,'2009-05-10 00:00:00',41801.3),(112,112,6,112,'2010-01-08 00:00:00',30527.8),(113,113,15,113,'2008-11-09 00:00:00',1569.47),(114,114,19,114,'2004-08-02 00:00:00',2851.16),(115,115,13,115,'2006-07-07 00:00:00',14554.7),(116,116,14,116,'2008-08-03 00:00:00',36498.3),(117,117,8,117,'2015-06-29 00:00:00',24111.3),(118,118,3,118,'2003-07-22 00:00:00',25865),(119,119,17,119,'2004-05-15 00:00:00',4193.56),(120,120,17,120,'2017-06-14 00:00:00',2109.6),(121,121,19,121,'2013-04-27 00:00:00',12798.2),(122,122,19,122,'2007-07-31 00:00:00',12707.5),(123,123,18,123,'2010-04-24 00:00:00',28112.7),(124,124,2,124,'2011-11-20 00:00:00',23180.6),(125,125,4,125,'2003-04-14 00:00:00',10773.2),(126,126,3,126,'2000-05-27 00:00:00',15175.3),(127,127,15,127,'2006-05-21 00:00:00',24551.6),(128,128,18,128,'2011-07-27 00:00:00',9413.96),(129,129,19,129,'2005-08-02 00:00:00',8791.76),(130,130,12,130,'2010-08-02 00:00:00',7300.47),(131,131,20,131,'2003-10-03 00:00:00',30223.9),(132,132,9,132,'2000-03-01 00:00:00',30244.4),(133,133,19,133,'2011-10-31 00:00:00',9492.01),(134,134,4,134,'2006-09-12 00:00:00',30664.6),(135,135,13,135,'2017-03-07 00:00:00',31710),(136,136,19,136,'2003-06-15 00:00:00',18224.7),(137,137,14,137,'2000-01-19 00:00:00',17153.7),(138,138,9,138,'2014-09-17 00:00:00',23768.6),(139,139,10,139,'2003-06-16 00:00:00',18494.7),(140,140,17,140,'2013-07-31 00:00:00',40379.8),(141,141,3,141,'2006-08-15 00:00:00',43864.8),(142,142,16,142,'2009-10-15 00:00:00',34396.6),(143,143,7,143,'2006-07-20 00:00:00',42881),(144,144,2,144,'2009-06-23 00:00:00',43424.4),(145,145,13,145,'2005-11-17 00:00:00',4103.43),(146,146,9,146,'2007-04-27 00:00:00',22886.7),(147,147,8,147,'2002-03-08 00:00:00',39587),(148,148,5,148,'2016-05-13 00:00:00',9118.21),(149,149,18,149,'2006-10-04 00:00:00',16581.2),(150,150,13,150,'2015-11-22 00:00:00',25004.8),(151,151,8,151,'2007-06-28 00:00:00',36469.5),(152,152,17,152,'2012-08-03 00:00:00',35037.1),(153,153,3,153,'2004-08-02 00:00:00',13143.8),(154,154,9,154,'2004-05-14 00:00:00',9176.01),(155,155,2,155,'2010-06-17 00:00:00',22302.1),(156,156,16,156,'2000-08-08 00:00:00',29607.8),(157,157,9,157,'2003-11-12 00:00:00',20212.2),(158,158,9,158,'2004-03-24 00:00:00',32721.4),(159,159,11,159,'2012-08-13 00:00:00',42986.1),(160,160,1,160,'2015-01-03 00:00:00',43254.8),(161,161,17,161,'2015-11-19 00:00:00',24554.2),(162,162,12,162,'2004-03-01 00:00:00',11867),(163,163,12,163,'2015-01-10 00:00:00',28355.4),(164,164,15,164,'2003-07-20 00:00:00',8734.57),(165,165,6,165,'2010-11-16 00:00:00',9675.46),(166,166,16,166,'2015-05-25 00:00:00',8314.35),(167,167,18,167,'2012-07-16 00:00:00',18616.7),(168,168,6,168,'2001-08-27 00:00:00',10798.9),(169,169,5,169,'2010-02-11 00:00:00',27281.4),(170,170,9,170,'2009-03-27 00:00:00',6385.57),(171,171,15,171,'2014-11-03 00:00:00',34039.4),(172,172,8,172,'2015-05-01 00:00:00',13648),(173,173,5,173,'2004-09-30 00:00:00',7650.64),(174,174,18,174,'2013-10-07 00:00:00',17289.4),(175,175,17,175,'2002-05-08 00:00:00',33739.9),(176,176,18,176,'2016-09-17 00:00:00',30832.2),(177,177,17,177,'2010-09-22 00:00:00',22666.6),(178,178,7,178,'2002-01-17 00:00:00',40976),(179,179,6,179,'2007-07-12 00:00:00',19817.1),(180,180,1,180,'2005-10-27 00:00:00',22597),(181,181,3,181,'2007-10-13 00:00:00',24094.9),(182,182,19,182,'2003-11-14 00:00:00',30632.4),(183,183,16,183,'2008-03-21 00:00:00',14699.9),(184,184,6,184,'2012-12-26 00:00:00',5543.59),(185,185,8,185,'2004-09-18 00:00:00',38373.2),(186,186,19,186,'2011-12-24 00:00:00',17348.7),(187,187,12,187,'2008-12-12 00:00:00',24780.7),(188,188,11,188,'2013-08-30 00:00:00',43356.4),(189,189,13,189,'2011-11-27 00:00:00',12885.1),(190,190,20,190,'2013-10-08 00:00:00',6222.41),(191,191,20,191,'2006-10-18 00:00:00',27899),(192,192,14,192,'2016-07-18 00:00:00',43834.9),(193,193,2,193,'2004-03-20 00:00:00',24217.9),(194,194,2,194,'2008-01-01 00:00:00',20715.9),(195,195,6,195,'2014-09-03 00:00:00',7761.51),(196,196,13,196,'2015-08-04 00:00:00',7419.42),(197,197,3,197,'2014-04-20 00:00:00',25461.2),(198,198,11,198,'2016-12-16 00:00:00',8901.02),(199,199,12,199,'2007-03-04 00:00:00',18229.3),(200,200,6,200,'2009-05-15 00:00:00',33019.1);
/*!40000 ALTER TABLE `venta` ENABLE KEYS */;
UNLOCK TABLES;
/*!40103 SET TIME_ZONE=@OLD_TIME_ZONE */;

/*!40101 SET SQL_MODE=@OLD_SQL_MODE */;
/*!40014 SET FOREIGN_KEY_CHECKS=@OLD_FOREIGN_KEY_CHECKS */;
/*!40014 SET UNIQUE_CHECKS=@OLD_UNIQUE_CHECKS */;
/*!40101 SET CHARACTER_SET_CLIENT=@OLD_CHARACTER_SET_CLIENT */;
/*!40101 SET CHARACTER_SET_RESULTS=@OLD_CHARACTER_SET_RESULTS */;
/*!40101 SET COLLATION_CONNECTION=@OLD_COLLATION_CONNECTION */;
/*!40111 SET SQL_NOTES=@OLD_SQL_NOTES */;

-- Dump completed on 2018-04-11 12:33:26
