CREATE DATABASE  IF NOT EXISTS `tutorialjavacoches` /*!40100 DEFAULT CHARACTER SET utf8 */;
USE `tutorialjavacoches`;
-- MySQL dump 10.13  Distrib 5.6.13, for Win32 (x86)
--
-- Host: localhost    Database: tutorialjavacoches
-- ------------------------------------------------------
-- Server version	5.6.16-log

/*!40101 SET @OLD_CHARACTER_SET_CLIENT=@@CHARACTER_SET_CLIENT */;
/*!40101 SET @OLD_CHARACTER_SET_RESULTS=@@CHARACTER_SET_RESULTS */;
/*!40101 SET @OLD_COLLATION_CONNECTION=@@COLLATION_CONNECTION */;
/*!40101 SET NAMES utf8 */;
/*!40103 SET @OLD_TIME_ZONE=@@TIME_ZONE */;
/*!40103 SET TIME_ZONE='+00:00' */;
/*!40014 SET @OLD_UNIQUE_CHECKS=@@UNIQUE_CHECKS, UNIQUE_CHECKS=0 */;
/*!40014 SET @OLD_FOREIGN_KEY_CHECKS=@@FOREIGN_KEY_CHECKS, FOREIGN_KEY_CHECKS=0 */;
/*!40101 SET @OLD_SQL_MODE=@@SQL_MODE, SQL_MODE='NO_AUTO_VALUE_ON_ZERO' */;
/*!40111 SET @OLD_SQL_NOTES=@@SQL_NOTES, SQL_NOTES=0 */;

--
-- Table structure for table `cliente`
--

DROP TABLE IF EXISTS `cliente`;
/*!40101 SET @saved_cs_client     = @@character_set_client */;
/*!40101 SET character_set_client = utf8 */;
CREATE TABLE `cliente` (
  `id` int(4) NOT NULL,
  `nombre` varchar(30) NOT NULL,
  `apellidos` varchar(100) NOT NULL,
  `localidad` varchar(50) NOT NULL,
  `dniNie` varchar(20) DEFAULT NULL,
  `fechaNac` datetime DEFAULT NULL,
  `activo` tinyint(1) DEFAULT NULL,
  PRIMARY KEY (`id`)
) ENGINE=InnoDB DEFAULT CHARSET=utf8;
/*!40101 SET character_set_client = @saved_cs_client */;

--
-- Dumping data for table `cliente`
--

LOCK TABLES `cliente` WRITE;
/*!40000 ALTER TABLE `cliente` DISABLE KEYS */;
INSERT INTO `cliente` VALUES (1,'Argimira','Flores Gonzalez','Palenciana','03934654R','1994-04-02 00:00:00',1),(2,'Gertrudis','Romero Ruiz','Puente Genil','14004472W','1963-05-05 00:00:00',1),(3,'Baltasara','Jurado Pisano','Puente Genil','34341318I','1960-12-26 00:00:00',1),(4,'Pilar','Gutierrez Romero','Palenciana','53439331Y','1978-11-18 00:00:00',1),(5,'Gertrudis','Santos Gonzalez','Lucena','37433426U','1962-11-11 00:00:00',1),(6,'Bernabea','Pozo Martin','Cabra','37451632Q','1995-01-22 00:00:00',1),(7,'Lola','Ruiz Ruiz','Benameji','37170733M','1968-08-23 00:00:00',1),(8,'Pilar','Sanchez Gutierrez','Puente Genil','44486314B','1965-02-19 00:00:00',1),(9,'Baudilio','Jurado Gonzalez','Puente Genil','14225663O','1989-10-08 00:00:00',1),(10,'Nepomunosio','Bose Martin','Priego de Cordoba','61467731H','1987-04-11 00:00:00',1),(11,'Pedro','Jurado Martinez','Puente Genil','21264221N','1969-02-06 00:00:00',1),(12,'Casimiro','Pisano Carrasco','Benameji','44982478Y','1965-04-01 00:00:00',1),(13,'Lola','Flores Martinez','Benameji','53444021J','1988-02-19 00:00:00',1),(14,'Gertrudis','Pozo Sanz','Benameji','62621051S','1962-01-19 00:00:00',1),(15,'Rafa','Romero Pozo','Puente Genil','21891651O','1973-03-02 00:00:00',1),(16,'Casimiro','Santos Sanchez','Benameji','70028556D','1979-03-12 00:00:00',1),(17,'Casimiro','Sanchez Cuevas','Priego de Cordoba','07125857F','1986-02-05 00:00:00',1),(18,'Gertrudis','Lopez Santos','Lucena','71836633O','1966-01-03 00:00:00',1),(19,'Eustaquio','Pozo Pozo','Benameji','63524424R','1962-06-19 00:00:00',1),(20,'Pedro','Carrasco Pisano','Palenciana','13667488R','1981-02-24 00:00:00',1),(21,'Casimiro','Lopez Quijano','Puente Genil','29494579D','1964-11-27 00:00:00',1),(22,'Pilar','Carrasco Flores','Puente Genil','80974640K','1990-06-29 00:00:00',1),(23,'Gertrudis','Pisano Romero','Cabra','28190276O','1973-02-27 00:00:00',1),(24,'Casimiro','Jurado Flores','Palenciana','51626385S','1966-02-14 00:00:00',1),(25,'Ascensio','Ruiz Flores','Palenciana','20128123H','1974-09-26 00:00:00',1),(26,'Gertrudis','Martin Quijano','Cabra','66566479C','1987-03-17 00:00:00',1),(27,'Rafa','Cuevas Gutierrez','Puente Genil','12542245K','1966-10-09 00:00:00',1),(28,'Pilar','Santos Gonzalez','Puente Genil','18467804F','1985-06-12 00:00:00',1),(29,'Pablo','Bose Bose','Cabra','62403052Q','1985-02-21 00:00:00',1),(30,'Juan','Bose Carrasco','Puente Genil','55604786V','1975-01-19 00:00:00',1),(31,'Argimira','Ruiz Cuevas','Cabra','30633785K','2000-05-05 00:00:00',1),(32,'Juan','Quijano Carrasco','Benameji','26328116S','1968-06-08 00:00:00',1),(33,'Baudilio','Gutierrez Gutierrez','Priego de Cordoba','13789788Y','1988-02-24 00:00:00',1),(34,'Nepomunosio','Sanchez Pozo','Cabra','38624195P','1993-07-03 00:00:00',1),(35,'Pablo','Bose Lopez','Priego de Cordoba','66745270H','1980-06-04 00:00:00',1),(36,'Eustaquio','Martinez Lopez','Priego de Cordoba','93101759G','1962-06-10 00:00:00',1),(37,'Carmen','Pisano Romero','Benameji','42317333X','1986-02-02 00:00:00',1),(38,'Casimiro','Lopez Gonzalez','Priego de Cordoba','13615716F','1986-06-12 00:00:00',1),(39,'Gertrudis','Cuevas Cuevas','Cabra','21074218N','1991-05-15 00:00:00',1),(40,'Pedro','Jurado Martinez','Cabra','28263663A','1985-05-07 00:00:00',1),(41,'Argimira','Sanz Pozo','Cabra','07425050F','1975-05-31 00:00:00',1),(42,'Gertrudis','Sanchez Santos','Benameji','68821517Y','1975-07-26 00:00:00',1),(43,'Juan','Jurado Martin','Puente Genil','58164745Y','1983-09-13 00:00:00',1),(44,'Gerarda','Bose Ruiz','Puente Genil','72562242Q','1987-09-14 00:00:00',1),(45,'Pablo','Flores Cuevas','Puente Genil','63156854F','1980-09-30 00:00:00',1),(46,'Ascensio','Santos Pisano','Palenciana','47610618F','1980-08-09 00:00:00',1),(47,'Gertrudis','Carrasco Romero','Lucena','89411274N','1965-07-27 00:00:00',1),(48,'Carmen','Gutierrez Pisano','Priego de Cordoba','47571719K','1982-04-01 00:00:00',1),(49,'Baudilio','Bose Quijano','Benameji','08742463T','1965-10-13 00:00:00',1),(50,'Lola','Martinez Romero','Benameji','14776463P','1967-06-17 00:00:00',1),(51,'Pablo','Martinez Ruiz','Benameji','10775772E','1967-04-29 00:00:00',1),(52,'Pablo','Quijano Cuevas','Cabra','57841071R','1965-05-24 00:00:00',1),(53,'Juan','Gutierrez Ruiz','Benameji','68418596M','1996-06-18 00:00:00',1),(54,'Rafa','Bose Cuevas','Puente Genil','27487892D','1963-06-26 00:00:00',1),(55,'Eva','Gonzalez Gutierrez','Cabra','21763861E','2000-03-14 00:00:00',1),(56,'Pablo','Pisano Romero','Benameji','51716876I','1986-03-06 00:00:00',1),(57,'Rafa','Bose Cuevas','Cabra','34495984U','1991-10-12 00:00:00',1),(58,'Eva','Sanz Pisano','Priego de Cordoba','30308119J','1964-09-02 00:00:00',1),(59,'Casimiro','Quijano Sanchez','Palenciana','23433265O','1998-02-14 00:00:00',1),(60,'Eustaquio','Cuevas Bose','Lucena','55176552V','1984-08-15 00:00:00',1),(61,'Argimira','Cuevas Ruiz','Puente Genil','72503167G','1983-06-09 00:00:00',1),(62,'Rafa','Quijano Flores','Cabra','40195304Y','1972-06-30 00:00:00',1),(63,'Eustaquio','Lopez Santos','Priego de Cordoba','66656610C','1972-04-07 00:00:00',1),(64,'Nepomunosio','Flores Quijano','Puente Genil','12666725F','1993-03-24 00:00:00',1),(65,'Gerarda','Pisano Martinez','Priego de Cordoba','40097324V','1999-04-29 00:00:00',1),(66,'Casimiro','Gutierrez Sanchez','Cabra','75765843X','1965-05-21 00:00:00',1),(67,'Ascensio','Bose Sanchez','Priego de Cordoba','75116413Y','1972-02-26 00:00:00',1),(68,'Juan','Gutierrez Pozo','Palenciana','15598845G','1993-11-22 00:00:00',1),(69,'Rafa','Sanchez Quijano','Cabra','31410530X','2000-11-26 00:00:00',1),(70,'Baltasara','Martin Lopez','Puente Genil','56141510Y','1986-10-20 00:00:00',1),(71,'Baudilio','Romero Carrasco','Cabra','59585682J','1998-02-27 00:00:00',1),(72,'Pedro','Cuevas Pozo','Puente Genil','23256888Q','1975-09-01 00:00:00',1),(73,'Lola','Quijano Carrasco','Lucena','97969642C','1999-05-15 00:00:00',1),(74,'Eustaquio','Pozo Gutierrez','Cabra','77729864I','1962-03-11 00:00:00',1),(75,'Lola','Sanchez Martinez','Puente Genil','75451561U','1993-02-26 00:00:00',1),(76,'Baudilio','Jurado Cuevas','Benameji','18366224W','1975-04-07 00:00:00',1),(77,'Gerarda','Carrasco Martinez','Priego de Cordoba','60968299O','1998-12-14 00:00:00',1),(78,'Baltasara','Pisano Quijano','Lucena','27748940F','1985-03-22 00:00:00',1),(79,'Pablo','Lopez Cuevas','Puente Genil','99649160L','1978-01-02 00:00:00',1),(80,'Eustaquio','Ruiz Flores','Puente Genil','64834459X','1987-10-02 00:00:00',1),(81,'Rafa','Cuevas Santos','Cabra','31328786J','1988-04-02 00:00:00',1),(82,'Argimira','Gutierrez Sanchez','Benameji','88934740R','1985-07-30 00:00:00',1),(83,'Casimiro','Bose Quijano','Cabra','33111271S','1997-09-22 00:00:00',1),(84,'Gerarda','Sanchez Cuevas','Benameji','74726168I','1965-10-04 00:00:00',1),(85,'Pablo','Jurado Romero','Palenciana','35606927O','1989-06-12 00:00:00',1),(86,'Baudilio','Gutierrez Sanchez','Priego de Cordoba','53538340T','1997-07-28 00:00:00',1),(87,'Pedro','Pozo Bose','Benameji','22223242N','1968-12-16 00:00:00',1),(88,'Casimiro','Pisano Cuevas','Cabra','36741742D','1986-06-17 00:00:00',1),(89,'Bernabea','Santos Pozo','Priego de Cordoba','29666339X','1980-02-22 00:00:00',1),(90,'Baudilio','Bose Pozo','Priego de Cordoba','32244259J','1995-04-20 00:00:00',1),(91,'Pedro','Martinez Santos','Priego de Cordoba','31893964G','1969-07-26 00:00:00',1),(92,'Pilar','Sanchez Romero','Puente Genil','84717427S','1997-05-19 00:00:00',1),(93,'Nepomunosio','Martinez Pisano','Benameji','88434383H','1967-05-11 00:00:00',1),(94,'Lola','Sanchez Martin','Benameji','56831053I','1998-11-17 00:00:00',1),(95,'Nepomunosio','Lopez Romero','Benameji','84613753F','1974-10-11 00:00:00',1),(96,'Eustaquio','Gutierrez Santos','Benameji','31583757P','1962-08-30 00:00:00',1),(97,'Lola','Martinez Jurado','Priego de Cordoba','25656167N','1963-06-07 00:00:00',1),(98,'Gertrudis','Gutierrez Jurado','Puente Genil','14225314N','1963-05-23 00:00:00',1),(99,'Rafa','Ruiz Santos','Palenciana','31316511R','1983-02-05 00:00:00',1),(100,'Lola','Sanz Sanchez','Cabra','73644130Q','1993-05-23 00:00:00',1),(101,'Eustaquio','Gutierrez Martinez','Cabra','83865594D','1988-02-29 00:00:00',1),(102,'Carmen','Lopez Santos','Benameji','31423551J','1978-03-05 00:00:00',1),(103,'Argimira','Martin Martinez','Benameji','07160457B','1973-04-23 00:00:00',1),(104,'Rafa','Cuevas Pozo','Priego de Cordoba','07058660Q','1994-07-17 00:00:00',1),(105,'Pilar','Cuevas Sanchez','Lucena','61323528O','1964-08-26 00:00:00',1),(106,'Lola','Martin Gutierrez','Cabra','36273564Y','1976-02-18 00:00:00',1),(107,'Gertrudis','Romero Santos','Cabra','60865832C','1995-06-06 00:00:00',1),(108,'Gerarda','Ruiz Romero','Puente Genil','23944275C','1964-06-28 00:00:00',1),(109,'Rafa','Martinez Quijano','Priego de Cordoba','45315757M','1998-07-29 00:00:00',1),(110,'Lola','Martinez Flores','Cabra','89888673Z','1983-08-25 00:00:00',1),(111,'Baltasara','Ruiz Martin','Benameji','45685941F','1984-05-13 00:00:00',1),(112,'Rafa','Quijano Bose','Puente Genil','77378426R','1980-02-07 00:00:00',1),(113,'Bernabea','Carrasco Jurado','Priego de Cordoba','54941303A','1962-02-07 00:00:00',1),(114,'Eustaquio','Jurado Ruiz','Benameji','75818882S','1982-05-26 00:00:00',1),(115,'Rafa','Santos Ruiz','Benameji','41685536H','1982-08-05 00:00:00',1),(116,'Gerarda','Santos Quijano','Cabra','33343725U','1966-07-12 00:00:00',1),(117,'Gertrudis','Cuevas Pisano','Puente Genil','34837815X','1963-08-03 00:00:00',1),(118,'Ascensio','Jurado Gutierrez','Lucena','15457601Z','1979-04-22 00:00:00',1),(119,'Casimiro','Ruiz Pisano','Cabra','64859588W','1979-10-20 00:00:00',1),(120,'Juan','Ruiz Romero','Benameji','41482413Z','1995-02-06 00:00:00',1),(121,'Gertrudis','Pozo Gutierrez','Palenciana','51234705H','1965-05-26 00:00:00',1),(122,'Pablo','Martin Cuevas','Benameji','43664258H','1990-01-15 00:00:00',1),(123,'Casimiro','Martin Cuevas','Benameji','47582616Q','1986-03-21 00:00:00',1),(124,'Lola','Bose Flores','Cabra','35846881Q','1961-10-17 00:00:00',1),(125,'Baudilio','Pozo Pozo','Benameji','72241442R','1979-07-09 00:00:00',1),(126,'Bernabea','Sanz Flores','Benameji','14129265D','1994-01-05 00:00:00',1),(127,'Lola','Cuevas Sanz','Cabra','75531247C','1995-08-26 00:00:00',1),(128,'Pilar','Martinez Sanchez','Priego de Cordoba','55814177K','1960-07-04 00:00:00',1),(129,'Eustaquio','Sanchez Pozo','Puente Genil','83572339D','1962-02-20 00:00:00',1),(130,'Gertrudis','Sanchez Gutierrez','Palenciana','46639783G','1982-10-18 00:00:00',1),(131,'Pilar','Cuevas Martin','Cabra','21261370Q','1964-01-17 00:00:00',1),(132,'Rafa','Sanchez Carrasco','Lucena','37281535E','1965-04-25 00:00:00',1),(133,'Gertrudis','Martin Lopez','Cabra','87433108Q','1979-07-12 00:00:00',1),(134,'Pedro','Jurado Pozo','Cabra','65288089E','1993-08-20 00:00:00',1),(135,'Baudilio','Martinez Jurado','Puente Genil','06351560B','1966-04-11 00:00:00',1),(136,'Ascensio','Pisano Martin','Cabra','41413385W','1972-06-12 00:00:00',1),(137,'Gertrudis','Santos Bose','Puente Genil','67684478J','1977-07-12 00:00:00',1),(138,'Ascensio','Carrasco Carrasco','Lucena','61587591Q','1997-03-08 00:00:00',1),(139,'Eva','Pisano Ruiz','Palenciana','25862074B','1966-01-11 00:00:00',1),(140,'Eustaquio','Pozo Martinez','Benameji','82586007L','1969-02-16 00:00:00',1),(141,'Gerarda','Pisano Ruiz','Benameji','16245145V','1982-03-30 00:00:00',1),(142,'Ascensio','Romero Quijano','Benameji','61254412L','1986-06-08 00:00:00',1),(143,'Ascensio','Martinez Ruiz','Palenciana','35598552C','1991-05-26 00:00:00',1),(144,'Casimiro','Pisano Martinez','Cabra','06568124A','1964-03-18 00:00:00',1),(145,'Gerarda','Jurado Lopez','Palenciana','63733074F','1992-09-25 00:00:00',1),(146,'Gertrudis','Gutierrez Pisano','Priego de Cordoba','72172787P','1974-07-23 00:00:00',1),(147,'Pablo','Ruiz Sanz','Puente Genil','21749263O','1969-10-11 00:00:00',1),(148,'Pilar','Jurado Ruiz','Lucena','70015727L','1994-05-26 00:00:00',1),(149,'Casimiro','Carrasco Sanchez','Cabra','81864337H','1998-01-07 00:00:00',1),(150,'Lola','Cuevas Martin','Priego de Cordoba','22557304J','1993-05-02 00:00:00',1),(151,'Argimira','Jurado Pozo','Cabra','56173111E','1967-11-18 00:00:00',1),(152,'Pedro','Santos Sanz','Cabra','65815113M','1988-08-10 00:00:00',1),(153,'Baudilio','Flores Cuevas','Priego de Cordoba','64518421H','1981-05-20 00:00:00',1),(154,'Lola','Santos Martin','Lucena','97396768C','1986-01-12 00:00:00',1),(155,'Bernabea','Lopez Cuevas','Cabra','05478426G','1966-07-31 00:00:00',1),(156,'Ascensio','Sanchez Santos','Puente Genil','06769323J','1961-02-10 00:00:00',1),(157,'Baudilio','Romero Gonzalez','Priego de Cordoba','06153810F','1975-08-23 00:00:00',1),(158,'Casimiro','Ruiz Gutierrez','Lucena','47618171G','1968-01-17 00:00:00',1),(159,'Pablo','Sanz Santos','Priego de Cordoba','65270728Y','1966-10-11 00:00:00',1),(160,'Pedro','Carrasco Ruiz','Benameji','72622548B','1980-07-03 00:00:00',1),(161,'Pablo','Romero Cuevas','Cabra','78117495O','1966-11-16 00:00:00',1),(162,'Baudilio','Pisano Flores','Priego de Cordoba','31183228Z','2000-06-23 00:00:00',1),(163,'Ascensio','Santos Gonzalez','Palenciana','65543506K','1988-03-30 00:00:00',1),(164,'Nepomunosio','Quijano Cuevas','Cabra','74826520X','1978-08-23 00:00:00',1),(165,'Pablo','Quijano Ruiz','Priego de Cordoba','72885621P','1998-07-30 00:00:00',1),(166,'Lola','Bose Flores','Cabra','38426321W','1995-11-28 00:00:00',1),(167,'Pablo','Cuevas Bose','Puente Genil','49799875F','1992-08-23 00:00:00',1),(168,'Eustaquio','Romero Jurado','Benameji','32524147E','1967-06-16 00:00:00',1),(169,'Casimiro','Pisano Jurado','Puente Genil','14755443Y','1969-03-15 00:00:00',1),(170,'Gertrudis','Carrasco Pozo','Palenciana','82082593O','1978-11-13 00:00:00',1),(171,'Lola','Carrasco Carrasco','Benameji','23897569R','1969-10-24 00:00:00',1),(172,'Gertrudis','Ruiz Quijano','Benameji','11146377L','1991-04-22 00:00:00',1),(173,'Baudilio','Carrasco Flores','Palenciana','71882563D','1967-10-21 00:00:00',1),(174,'Carmen','Quijano Ruiz','Puente Genil','67332491J','1997-01-16 00:00:00',1),(175,'Nepomunosio','Jurado Quijano','Benameji','76254131J','1983-08-10 00:00:00',1),(176,'Gertrudis','Flores Gutierrez','Priego de Cordoba','88261624O','1961-05-14 00:00:00',1),(177,'Baudilio','Carrasco Bose','Puente Genil','70252424B','1962-10-14 00:00:00',1),(178,'Baltasara','Santos Quijano','Benameji','80656838R','1992-08-07 00:00:00',1),(179,'Baltasara','Ruiz Cuevas','Cabra','86495656K','1977-08-12 00:00:00',1),(180,'Pablo','Santos Ruiz','Benameji','56167156D','1990-09-09 00:00:00',1),(181,'Juan','Cuevas Carrasco','Palenciana','37485392T','1961-09-03 00:00:00',1),(182,'Baltasara','Romero Quijano','Cabra','84782002V','1975-09-24 00:00:00',1),(183,'Carmen','Sanchez Quijano','Puente Genil','50063541Z','1963-02-24 00:00:00',1),(184,'Rafa','Martin Santos','Benameji','21444496N','1994-11-24 00:00:00',1),(185,'Ascensio','Quijano Pisano','Palenciana','44635124P','1981-09-06 00:00:00',1),(186,'Gertrudis','Santos Sanchez','Cabra','21486421S','1975-07-21 00:00:00',1),(187,'Carmen','Pisano Flores','Cabra','68503231J','1983-01-28 00:00:00',1),(188,'Lola','Flores Sanchez','Priego de Cordoba','13535624B','1969-11-22 00:00:00',1),(189,'Nepomunosio','Gutierrez Jurado','Palenciana','21287472J','1984-10-12 00:00:00',1),(190,'Rafa','Ruiz Quijano','Priego de Cordoba','65669213R','1989-11-26 00:00:00',1),(191,'Pablo','Romero Ruiz','Priego de Cordoba','37785181N','1989-03-24 00:00:00',1),(192,'Pilar','Lopez Flores','Priego de Cordoba','24226855O','1963-10-28 00:00:00',1),(193,'Lola','Martin Quijano','Benameji','57589317S','1984-05-10 00:00:00',1),(194,'Eustaquio','Santos Quijano','Cabra','72188142K','1982-07-04 00:00:00',1),(195,'Bernabea','Pozo Santos','Cabra','16663265Y','2000-10-29 00:00:00',1),(196,'Nepomunosio','Jurado Pisano','Puente Genil','13610439T','1962-02-22 00:00:00',1),(197,'Pablo','Quijano Gutierrez','Puente Genil','98454432N','1963-11-09 00:00:00',1),(198,'Carmen','Cuevas Ruiz','Priego de Cordoba','16613182B','1974-05-13 00:00:00',1),(199,'Gertrudis','Carrasco Bose','Puente Genil','33335434Y','1976-01-22 00:00:00',1),(200,'Gertrudis','Santos Carrasco','Priego de Cordoba','57636740L','1993-06-18 00:00:00',1);
/*!40000 ALTER TABLE `cliente` ENABLE KEYS */;
UNLOCK TABLES;

--
-- Table structure for table `coche`
--

DROP TABLE IF EXISTS `coche`;
/*!40101 SET @saved_cs_client     = @@character_set_client */;
/*!40101 SET character_set_client = utf8 */;
CREATE TABLE `coche` (
  `id` int(11) NOT NULL,
  `idfabricante` int(4) NOT NULL,
  `bastidor` varchar(30) DEFAULT NULL,
  `modelo` varchar(45) DEFAULT NULL,
  `color` varchar(30) DEFAULT NULL,
  PRIMARY KEY (`id`),
  KEY `fk_coche_marca1_idx` (`idfabricante`),
  CONSTRAINT `fk_coche_marca1` FOREIGN KEY (`idfabricante`) REFERENCES `fabricante` (`id`) ON DELETE NO ACTION ON UPDATE NO ACTION
) ENGINE=InnoDB DEFAULT CHARSET=utf8;
/*!40101 SET character_set_client = @saved_cs_client */;

--
-- Dumping data for table `coche`
--

LOCK TABLES `coche` WRITE;
/*!40000 ALTER TABLE `coche` DISABLE KEYS */;
INSERT INTO `coche` VALUES (1,1,'02565245214521545','Astra','Negro'),(2,4,'11888772789871403','KT17','Azul'),(3,2,'40544227738307350','RN14','Amarillo'),(4,3,'46721316368023487','PA26','Negro'),(5,2,'52788378537583351','EJ86','Verde'),(6,6,'03532268728381972','RO65','Amarillo'),(7,4,'37456803747521912','MB92','Verde'),(8,3,'14547433458526449','QV68','Amarillo'),(9,3,'62567729614225653','PN02','Azul'),(10,5,'11333568222340400','MX69','Azul'),(11,1,'12870751391681707','JX21','Rojo'),(12,2,'84768131865518522','CA38','Rojo'),(13,3,'51958511129503642','WS99','Negro'),(14,5,'52346734581561269','DP34','Verde'),(15,7,'12756354120287798','RY66','Azul'),(16,6,'28175826371266853','UK54','Blanco'),(17,2,'01406548405431146','GI68','Negro'),(18,7,'71347695551888540','EL52','Verde'),(19,6,'21284342733702976','JX50','Gris'),(20,5,'45236714928186048','YV51','Rojo'),(21,7,'82894271673458597','JH49','Verde'),(22,7,'95103137159345831','JL33','Rojo'),(23,3,'85536013136577461','RQ65','Negro'),(24,2,'93237458138354672','IM92','Blanco'),(25,1,'96436337071421456','UT22','Verde'),(26,2,'83335677882903147','WI59','Verde'),(27,1,'67646317448770074','HN56','Verde'),(28,3,'56514677245584434','GT20','Rojo'),(29,4,'94363021525572734','BI65','Azul'),(30,4,'24578246959234184','VD39','Negro'),(31,7,'49191710837116681','QA71','Amarillo'),(32,3,'67341734694086208','DV33','Gris'),(33,2,'03477356331050675','TT72','Rojo'),(34,2,'28854734166859225','XK61','Gris'),(35,6,'61229136605231515','DR43','Azul'),(36,7,'76745674853821104','ES57','Rojo'),(37,6,'60632916432113945','PD36','Negro'),(38,6,'73868825615852770','IK62','Verde'),(39,3,'31507262388655612','ST15','Blanco'),(40,3,'41344219151475312','AA13','Azul'),(41,1,'21774080827275061','GI39','Rojo'),(42,1,'88551547943695916','GN18','Amarillo'),(43,5,'35839713233570424','JC79','Azul'),(44,6,'66368426289851023','TE77','Negro'),(45,7,'13778037393379277','XE83','Azul'),(46,1,'71813224951534520','NJ68','Azul'),(47,4,'44543874453774215','VJ34','Verde'),(48,5,'46729106394635011','SM78','Amarillo'),(49,1,'81603875132188031','ML82','Blanco'),(50,5,'73637750848610041','FK73','Verde'),(51,1,'53650235227791175','HH95','Negro'),(52,3,'08856183572881880','JS52','Amarillo'),(53,4,'96638886226625794','SJ62','Azul'),(54,3,'80622125756169335','LN32','Negro'),(55,6,'42501312776095552','RC33','Blanco'),(56,3,'31534733712272330','ND73','Amarillo'),(57,4,'91448688881287935','NW87','Azul'),(58,6,'34838028046858653','XZ18','Amarillo'),(59,4,'14422844648688577','OC33','Azul'),(60,5,'54427544726856768','NF86','Amarillo'),(61,4,'43947707440166441','DJ97','Azul'),(62,5,'52401211265226445','FO11','Blanco'),(63,7,'22312519124757263','OJ55','Negro'),(64,7,'77025606341022223','CL09','Blanco'),(65,2,'16169212523154453','OI14','Amarillo'),(66,6,'64148220511750874','PB55','Rojo'),(67,2,'97576316607305365','NK75','Verde'),(68,2,'51465738184336460','WU16','Rojo'),(69,2,'73472674171234162','ZQ54','Amarillo'),(70,7,'87897540467516533','EG72','Verde'),(71,2,'34658787415924547','TZ40','Negro'),(72,3,'13665256633714768','BU58','Negro'),(73,4,'42261966283626553','YL11','Amarillo'),(74,4,'57686797868789756','FW44','Rojo'),(75,1,'85667696654859757','SV49','Azul'),(76,3,'63377151832616721','XY67','Blanco'),(77,5,'48837733671635256','ZK11','Azul'),(78,5,'46831813534766516','HZ19','Rojo'),(79,6,'87165929253794836','FJ41','Blanco'),(80,5,'18541472332586351','PX40','Verde'),(81,4,'41733861722374879','ZL02','Amarillo'),(82,5,'95803119632911177','BO55','Rojo'),(83,4,'38262610018246678','SG52','Rojo'),(84,6,'01726737529164824','EO04','Gris'),(85,4,'17368433631632600','VA43','Verde'),(86,3,'73468658888401619','EW48','Rojo'),(87,4,'42325037596036675','XX85','Rojo'),(88,4,'22552068613151309','LV31','Amarillo'),(89,6,'77442217141483848','HS74','Rojo'),(90,5,'49949379409544408','FW72','Gris'),(91,6,'68813677270694794','PQ51','Verde'),(92,3,'31974704213446487','ZH91','Verde'),(93,4,'26068684986516983','IC23','Azul'),(94,5,'55627061617768125','VR13','Negro'),(95,6,'46121477514634896','KB75','Negro'),(96,6,'75710521460346064','VZ39','Blanco'),(97,3,'40357310670682526','QR92','Blanco'),(98,5,'82013838587544266','IO25','Azul'),(99,1,'33702023842711956','PO84','Amarillo'),(100,5,'33635758387467324','OM41','Verde'),(101,7,'01120546577257857','KB20','Azul'),(102,5,'43749875348195925','BR32','Negro'),(103,5,'31478661607113834','TK91','Verde'),(104,2,'81347057516918520','BU29','Rojo'),(105,2,'78352626159141138','CZ48','Verde'),(106,6,'48438172777283973','HF57','Verde'),(107,2,'67662884373746886','XC28','Negro'),(108,3,'38268043671272825','VO37','Negro'),(109,7,'35697373215135162','FQ75','Negro'),(110,5,'13313346787328647','BI62','Rojo'),(111,6,'41626088501659173','VP23','Azul'),(112,6,'72684837917932146','GL13','Gris'),(113,6,'56102935781563181','XY82','Negro'),(114,7,'88410165836638051','RK44','Verde'),(115,7,'40213301670539616','HX42','Rojo'),(116,5,'00385232731386577','PC66','Verde'),(117,2,'87587237546626742','VL37','Verde'),(118,4,'97186175073429514','LO78','Verde'),(119,6,'71349531793574784','OE68','Blanco'),(120,5,'61109855628728338','GL35','Amarillo'),(121,4,'57312180630376820','CI71','Gris'),(122,6,'77851552085428958','UK36','Gris'),(123,4,'63665474045560833','OV68','Amarillo'),(124,6,'17728506454255663','SY93','Amarillo'),(125,2,'17482498368358518','BG78','Rojo'),(126,7,'69027254472794483','MW81','Rojo'),(127,6,'25351463672725772','NM69','Azul'),(128,3,'25815184741715934','BA57','Gris'),(129,7,'05088027766514754','RC57','Amarillo'),(130,4,'04526434594378864','GF60','Verde'),(131,2,'43515605693229541','QF62','Amarillo'),(132,2,'76777111755360484','NI25','Gris'),(133,5,'67815305270506651','PW63','Negro'),(134,2,'42443727712261425','DF57','Blanco'),(135,6,'47133357881881935','UM72','Negro'),(136,1,'88215524385096534','PU74','Blanco'),(137,6,'72691681490632549','XJ83','Verde'),(138,5,'88881348422385567','PK39','Amarillo'),(139,4,'62026421221697147','QT71','Verde'),(140,5,'62361544233589878','OC68','Verde'),(141,3,'34228635346953969','SQ45','Amarillo'),(142,7,'65638058178406044','FB58','Negro'),(143,3,'98427203580327111','GV77','Gris'),(144,2,'36984793374031108','TW61','Negro'),(145,6,'84137819361625204','QI33','Rojo'),(146,7,'54153567952783246','EU64','Verde'),(147,4,'78316866154559805','VT65','Amarillo'),(148,3,'87661097077472182','UD15','Gris'),(149,2,'11728598856180414','PO24','Verde'),(150,2,'77856373276768576','JZ77','Negro'),(151,4,'79780103613696656','TU26','Verde'),(152,5,'87534597277659214','PV13','Negro'),(153,4,'15481425343837538','AB64','Amarillo'),(154,4,'81488125024537180','EI96','Negro'),(155,2,'52885581177647447','QE79','Amarillo'),(156,6,'60987631644818884','YA72','Amarillo'),(157,6,'14021184149346981','PF01','Verde'),(158,4,'17276032258080672','DQ37','Rojo'),(159,7,'77155844733403947','GT86','Verde'),(160,4,'95332358352726135','UO67','Verde'),(161,2,'26518208195418324','MK12','Negro'),(162,4,'67312721539713793','PB48','Rojo'),(163,3,'11523704021255876','MB04','Negro'),(164,6,'77054848989202756','KE29','Rojo'),(165,5,'49477272675272656','WL38','Gris'),(166,2,'90068632233957376','NL10','Amarillo'),(167,1,'85744084372384969','PA32','Amarillo'),(168,5,'84445809576211867','EM68','Negro'),(169,4,'31950663611571345','RI49','Negro'),(170,6,'00505201114281518','CH64','Verde'),(171,4,'21142354453623642','JK46','Amarillo'),(172,1,'28380528199486620','UW58','Verde'),(173,3,'34366481274818582','BB70','Azul'),(174,3,'03486243712181341','WS03','Negro'),(175,3,'52217470796314558','QD14','Negro'),(176,4,'69937554114213212','XR17','Blanco'),(177,4,'94455473165288077','CK42','Azul'),(178,3,'57188541695380545','RH09','Blanco'),(179,1,'83741635844134771','WY82','Verde'),(180,3,'15176463162146087','UP49','Negro'),(181,2,'41745760814484358','TJ01','Rojo'),(182,5,'34544928666189026','XJ65','Azul'),(183,1,'85851184038696436','QD48','Blanco'),(184,2,'72768246435428657','MH26','Blanco'),(185,2,'86043213378522421','MO06','Azul'),(186,4,'22711315389753767','JD64','Rojo'),(187,3,'07461102275182985','ID37','Blanco'),(188,1,'37739274686192682','FT04','Azul'),(189,5,'01528251978132421','QN82','Verde'),(190,6,'33778154369411072','BS10','Negro'),(191,3,'73172663745227452','GC75','Rojo'),(192,5,'49696972442805733','KR55','Negro'),(193,3,'71064742567381370','QC77','Rojo'),(194,3,'17975470786118373','XF00','Azul'),(195,2,'58717959455532722','EP22','Amarillo'),(196,3,'28856623785158251','PJ12','Verde'),(197,5,'88405105676437334','BM51','Verde'),(198,6,'38773358905958443','QH63','Amarillo'),(199,2,'30355218442765503','YG04','Rojo'),(200,4,'08646184615306433','XO71','Blanco'),(201,2,'nuevo bastidor','Megane','Gris'),(202,2,'asdf','asdf asdf ','asdf'),(203,2,'ADS','ASDF','ASDFSDAF'),(204,2,'ads','asdf','sadf');
/*!40000 ALTER TABLE `coche` ENABLE KEYS */;
UNLOCK TABLES;

--
-- Table structure for table `concesionario`
--

DROP TABLE IF EXISTS `concesionario`;
/*!40101 SET @saved_cs_client     = @@character_set_client */;
/*!40101 SET character_set_client = utf8 */;
CREATE TABLE `concesionario` (
  `id` int(4) NOT NULL,
  `cif` varchar(20) DEFAULT NULL,
  `nombre` varchar(100) NOT NULL,
  `localidad` varchar(50) DEFAULT NULL,
  PRIMARY KEY (`id`)
) ENGINE=InnoDB DEFAULT CHARSET=utf8;
/*!40101 SET character_set_client = @saved_cs_client */;

--
-- Dumping data for table `concesionario`
--

LOCK TABLES `concesionario` WRITE;
/*!40000 ALTER TABLE `concesionario` DISABLE KEYS */;
INSERT INTO `concesionario` VALUES (1,'17484035M','Concesionario Bose','Benameji'),(2,'53668733V','Hermanos Quijano','Priego de Cordoba'),(3,'83854193G','Concesionario Flores','Benameji'),(4,'42872219R','Concesionario Martinez','Benameji'),(5,'08783137I','Concesionario Romero','Palenciana'),(6,'55228980T','Concesionario Lopez','Benameji'),(7,'38485491W','Hermanos Pisano','Puente Genil'),(8,'22743238N','Concesionario Sanchez','Palenciana'),(9,'26082506I','Concesionario Ruiz','Puente Genil'),(10,'71416845G','Hermanos Bose','Lucena'),(11,'82684305G','Concesionario Flores','Puente Genil'),(12,'18532122E','Hermanos Pozo','Lucena'),(13,'60492612E','Coches de Ruiz','Cabra'),(14,'66406213N','Sociedad Sanz','Priego de Cordoba'),(15,'95389362T','Coches de Quijano','Priego de Cordoba'),(16,'15085761Y','Hermanos Lopez','Lucena'),(17,'14937964P','Concesionario Lopez','Priego de Cordoba'),(18,'31114021L','Concesionario Bose','Palenciana'),(19,'61018936Z','Hermanos Cuevas','Priego de Cordoba'),(20,'66848482V','Hermanos Gonzalez','Priego de Cordoba');
/*!40000 ALTER TABLE `concesionario` ENABLE KEYS */;
UNLOCK TABLES;

--
-- Table structure for table `fabricante`
--

DROP TABLE IF EXISTS `fabricante`;
/*!40101 SET @saved_cs_client     = @@character_set_client */;
/*!40101 SET character_set_client = utf8 */;
CREATE TABLE `fabricante` (
  `id` int(4) NOT NULL DEFAULT '0',
  `cif` varchar(20) DEFAULT NULL,
  `nombre` varchar(15) NOT NULL,
  PRIMARY KEY (`id`)
) ENGINE=InnoDB DEFAULT CHARSET=utf8;
/*!40101 SET character_set_client = @saved_cs_client */;

--
-- Dumping data for table `fabricante`
--

LOCK TABLES `fabricante` WRITE;
/*!40000 ALTER TABLE `fabricante` DISABLE KEYS */;
INSERT INTO `fabricante` VALUES (1,'57668587P','Renault'),(2,'74221450C','Citroen'),(3,'54567485G','Peugeot'),(4,'92857678K','Dacia'),(5,'16132838L','Kia'),(6,'68175845O','Hyundai'),(7,'01583812A','Honda');
/*!40000 ALTER TABLE `fabricante` ENABLE KEYS */;
UNLOCK TABLES;

--
-- Table structure for table `sequence`
--

DROP TABLE IF EXISTS `sequence`;
/*!40101 SET @saved_cs_client     = @@character_set_client */;
/*!40101 SET character_set_client = utf8 */;
CREATE TABLE `sequence` (
  `SEQ_COUNT` int(11) NOT NULL,
  `SEQ_NAME` varchar(45) DEFAULT NULL,
  PRIMARY KEY (`SEQ_COUNT`)
) ENGINE=InnoDB DEFAULT CHARSET=utf8;
/*!40101 SET character_set_client = @saved_cs_client */;

--
-- Dumping data for table `sequence`
--

LOCK TABLES `sequence` WRITE;
/*!40000 ALTER TABLE `sequence` DISABLE KEYS */;
INSERT INTO `sequence` VALUES (1050,'SEQ_GEN');
/*!40000 ALTER TABLE `sequence` ENABLE KEYS */;
UNLOCK TABLES;

--
-- Table structure for table `venta`
--

DROP TABLE IF EXISTS `venta`;
/*!40101 SET @saved_cs_client     = @@character_set_client */;
/*!40101 SET character_set_client = utf8 */;
CREATE TABLE `venta` (
  `id` int(4) NOT NULL DEFAULT '0',
  `idCliente` int(4) NOT NULL,
  `idConcesionario` int(4) NOT NULL,
  `idCoche` int(11) NOT NULL,
  `fecha` datetime DEFAULT NULL,
  `precioVenta` float DEFAULT NULL,
  PRIMARY KEY (`id`),
  KEY `fk_venta_cliente1_idx` (`idCliente`),
  KEY `fk_venta_concesionario1_idx` (`idConcesionario`),
  KEY `fk_venta_coche1_idx` (`idCoche`),
  CONSTRAINT `fk_venta_cliente1` FOREIGN KEY (`idCliente`) REFERENCES `cliente` (`id`) ON DELETE NO ACTION ON UPDATE NO ACTION,
  CONSTRAINT `fk_venta_coche1` FOREIGN KEY (`idCoche`) REFERENCES `coche` (`id`) ON DELETE NO ACTION ON UPDATE NO ACTION,
  CONSTRAINT `fk_venta_concesionario1` FOREIGN KEY (`idConcesionario`) REFERENCES `concesionario` (`id`) ON DELETE NO ACTION ON UPDATE NO ACTION
) ENGINE=InnoDB DEFAULT CHARSET=utf8;
/*!40101 SET character_set_client = @saved_cs_client */;

--
-- Dumping data for table `venta`
--

LOCK TABLES `venta` WRITE;
/*!40000 ALTER TABLE `venta` DISABLE KEYS */;
INSERT INTO `venta` VALUES (2,2,5,2,'2012-06-07 00:00:00',31318.8),(3,3,17,3,'2001-12-19 00:00:00',36627.3),(4,4,16,4,'2014-08-26 00:00:00',12246.4),(5,5,18,5,'2001-11-22 00:00:00',4816.84),(6,6,11,6,'2008-06-03 00:00:00',36853.2),(7,7,6,7,'2005-07-21 00:00:00',30985.6),(8,8,6,8,'2007-05-07 00:00:00',35754.8),(9,9,13,9,'2014-03-11 00:00:00',15489.5),(10,10,13,10,'2011-07-13 00:00:00',34827.7),(11,11,13,11,'2001-05-03 00:00:00',7812.43),(12,12,4,12,'2012-08-12 00:00:00',44620.7),(13,13,5,13,'2014-09-03 00:00:00',34103.8),(14,14,5,14,'2004-06-06 00:00:00',36569.4),(15,15,7,15,'2006-12-16 00:00:00',4823.23),(16,16,9,16,'2006-09-18 00:00:00',15919.3),(17,17,11,17,'2008-04-30 00:00:00',9168.58),(18,18,17,18,'2017-08-01 00:00:00',36891),(19,19,3,19,'2018-10-26 00:00:00',27400.4),(20,20,15,20,'2005-11-16 00:00:00',40479.3),(21,21,6,21,'2006-04-10 00:00:00',44950.5),(22,22,6,22,'2005-01-11 00:00:00',9885.76),(23,23,8,23,'2000-11-12 00:00:00',38673.7),(24,24,7,24,'2011-06-10 00:00:00',23394.6),(25,25,10,25,'2014-04-18 00:00:00',1649.2),(26,26,18,26,'2012-04-15 00:00:00',15964),(27,27,5,27,'2004-06-20 00:00:00',39259.5),(28,28,8,28,'2016-02-08 00:00:00',38166.4),(29,29,13,29,'2006-11-18 00:00:00',41394.2),(30,30,12,30,'2004-10-19 00:00:00',14297),(31,31,12,31,'2004-01-26 00:00:00',43524.9),(32,32,5,32,'2015-03-26 00:00:00',21952.3),(33,33,10,33,'2006-06-16 00:00:00',23355.2),(34,34,5,34,'2016-10-18 00:00:00',30047),(35,35,20,35,'2004-04-10 00:00:00',30471.2),(36,36,15,36,'2012-09-27 00:00:00',34323.6),(37,37,4,37,'2001-11-26 00:00:00',39271.5),(38,38,9,38,'2005-03-05 00:00:00',44320.2),(39,39,5,39,'2017-07-18 00:00:00',24207),(40,40,10,40,'2000-08-20 00:00:00',42367.9),(41,41,18,41,'2012-10-02 00:00:00',26763),(42,42,16,42,'2009-05-03 00:00:00',10954.5),(43,43,3,43,'2015-02-02 00:00:00',36877.6),(44,44,4,44,'2004-01-29 00:00:00',14869.1),(45,45,18,45,'2014-06-07 00:00:00',5537.18),(46,46,7,46,'2006-03-12 00:00:00',17216.5),(47,47,2,47,'2013-12-07 00:00:00',34568.3),(48,48,9,48,'2014-02-16 00:00:00',4193.74),(49,49,4,49,'2003-07-02 00:00:00',44337.8),(50,50,8,50,'2006-03-13 00:00:00',13234),(51,51,2,51,'2016-10-12 00:00:00',15289.1),(52,52,9,52,'2015-11-01 00:00:00',42373.1),(53,53,17,53,'2010-03-02 00:00:00',23493.2),(54,54,10,54,'2018-10-22 00:00:00',42831.5),(55,55,10,55,'2008-08-03 00:00:00',22494.1),(56,56,17,56,'2006-01-27 00:00:00',33771),(57,57,13,57,'2013-06-07 00:00:00',42331.1),(58,58,17,58,'2017-08-06 00:00:00',35672.6),(59,59,9,59,'2008-09-09 00:00:00',22955.6),(60,60,10,60,'2014-05-30 00:00:00',42488.1),(61,61,8,61,'2015-05-24 00:00:00',18015.4),(62,62,4,62,'2009-01-23 00:00:00',13970.3),(63,63,3,63,'2011-06-04 00:00:00',10818),(64,64,13,64,'2010-04-20 00:00:00',13087.8),(65,65,10,65,'2006-09-05 00:00:00',27918.8),(66,66,17,66,'2001-05-06 00:00:00',23188.3),(67,67,19,67,'2002-06-07 00:00:00',24779.1),(68,68,11,68,'2013-07-12 00:00:00',30445.2),(69,69,16,69,'2011-09-24 00:00:00',38708.5),(70,70,19,70,'2007-02-27 00:00:00',43991.6),(71,71,4,71,'2012-03-18 00:00:00',27055.1),(72,72,15,72,'2008-03-20 00:00:00',19396.9),(73,73,10,73,'2008-08-14 00:00:00',21083.6),(74,74,9,74,'2013-09-15 00:00:00',15320.3),(75,75,9,75,'2018-09-20 00:00:00',8134.86),(76,76,11,76,'2002-08-23 00:00:00',7051.64),(77,77,15,77,'2009-09-21 00:00:00',21841.7),(78,78,12,78,'2005-06-15 00:00:00',26812.4),(79,79,1,79,'2004-03-14 00:00:00',32243.2),(80,80,18,80,'2005-04-06 00:00:00',20519.8),(81,81,8,81,'2011-06-03 00:00:00',35520),(82,82,1,82,'2005-09-07 00:00:00',26843),(83,83,20,83,'2002-02-11 00:00:00',8524.54),(84,84,20,84,'2010-09-06 00:00:00',25932.5),(85,85,12,85,'2007-04-15 00:00:00',7241.75),(86,86,5,86,'2009-11-11 00:00:00',41762.3),(87,87,6,87,'2013-05-29 00:00:00',23063.5),(88,88,5,88,'2008-06-23 00:00:00',28964.3),(89,89,7,89,'2013-06-05 00:00:00',6178.2),(90,90,14,90,'2015-02-11 00:00:00',39971.8),(91,91,16,91,'2007-02-21 00:00:00',8180.5),(92,92,4,92,'2018-09-03 00:00:00',31208.9),(93,93,5,93,'2011-08-17 00:00:00',13737.2),(94,94,14,94,'2004-07-26 00:00:00',30705.4),(95,95,2,95,'2006-09-17 00:00:00',13788.5),(96,96,3,96,'2002-09-08 00:00:00',15022.8),(97,97,13,97,'2016-06-04 00:00:00',3459.04),(98,98,11,98,'2001-07-23 00:00:00',19953.1),(99,99,17,99,'2012-11-19 00:00:00',28584.5),(100,100,20,100,'2018-03-02 00:00:00',32603.7),(101,101,6,101,'2008-02-03 00:00:00',5601.94),(102,102,13,102,'2008-11-26 00:00:00',13145.5),(103,103,11,103,'2011-08-03 00:00:00',6974.41),(104,104,9,104,'2014-09-08 00:00:00',20751.2),(105,105,10,105,'2009-11-09 00:00:00',40977.4),(106,106,17,106,'2002-12-09 00:00:00',7224.84),(107,107,3,107,'2017-09-02 00:00:00',9283.09),(108,108,9,108,'2002-06-15 00:00:00',21409),(109,109,5,109,'2013-08-27 00:00:00',1805.5),(110,110,9,110,'2010-03-24 00:00:00',27954),(111,111,5,111,'2007-02-25 00:00:00',29194.6),(112,112,10,112,'2007-03-02 00:00:00',14237.6),(113,113,3,113,'2013-05-12 00:00:00',12627.4),(114,114,5,114,'2004-06-06 00:00:00',2208.4),(115,115,7,115,'2011-07-23 00:00:00',33204.6),(116,116,3,116,'2001-03-05 00:00:00',42082.2),(117,117,11,117,'2004-05-16 00:00:00',42805.6),(118,118,4,118,'2012-06-04 00:00:00',1725.14),(119,119,1,119,'2001-01-20 00:00:00',14481.4),(120,120,10,120,'2001-04-12 00:00:00',34817.7),(121,121,2,121,'2016-10-16 00:00:00',44596),(122,122,14,122,'2009-01-29 00:00:00',22182.6),(123,123,16,123,'2012-06-13 00:00:00',34113.7),(124,124,3,124,'2016-04-22 00:00:00',18625.4),(125,125,3,125,'2003-04-27 00:00:00',44929.1),(126,126,19,126,'2011-09-06 00:00:00',15606.9),(127,127,2,127,'2003-03-26 00:00:00',25024.3),(128,128,10,128,'2017-04-30 00:00:00',16370.6),(129,129,6,129,'2003-08-09 00:00:00',36354.3),(130,130,9,130,'2005-06-23 00:00:00',24527.3),(131,131,2,131,'2001-06-24 00:00:00',3160.04),(132,132,16,132,'2010-03-16 00:00:00',33271.1),(133,133,9,133,'2009-09-22 00:00:00',18303.9),(134,134,5,134,'2015-12-29 00:00:00',17881),(135,135,10,135,'2000-07-20 00:00:00',4546.38),(136,136,13,136,'2017-09-20 00:00:00',35131.4),(137,137,13,137,'2011-07-15 00:00:00',2995.17),(138,138,11,138,'2015-07-30 00:00:00',10536.9),(139,139,15,139,'2009-09-07 00:00:00',25896.6),(140,140,15,140,'2006-04-13 00:00:00',25900.1),(141,141,11,141,'2017-01-05 00:00:00',4166.8),(142,142,7,142,'2009-04-14 00:00:00',41399.3),(143,143,1,143,'2012-02-14 00:00:00',10637.8),(144,144,18,144,'2001-08-22 00:00:00',42894.5),(145,145,5,145,'2011-12-20 00:00:00',14686.5),(146,146,8,146,'2015-04-12 00:00:00',25855.5),(147,147,3,147,'2011-03-05 00:00:00',13993.1),(148,148,9,148,'2014-02-22 00:00:00',24945.2),(149,149,19,149,'2002-06-14 00:00:00',11754.3),(150,150,14,150,'2013-03-31 00:00:00',38387.8),(151,151,1,151,'2014-11-29 00:00:00',12749.1),(152,152,4,152,'2001-11-21 00:00:00',27791.8),(153,153,20,153,'2007-03-16 00:00:00',18887.9),(154,154,17,154,'2016-04-24 00:00:00',1985.12),(155,155,19,155,'2006-07-12 00:00:00',7247.48),(156,156,9,156,'2016-08-27 00:00:00',30447.6),(157,157,13,157,'2010-09-08 00:00:00',28348.8),(158,158,3,158,'2004-02-03 00:00:00',21970.4),(159,159,3,159,'2006-03-20 00:00:00',6356.88),(160,160,6,160,'2000-11-16 00:00:00',33259),(161,161,19,161,'2009-05-16 00:00:00',15833),(162,162,2,162,'2012-01-31 00:00:00',3152.19),(163,163,10,163,'2011-12-14 00:00:00',18386.9),(164,164,11,164,'2006-05-05 00:00:00',29296.1),(165,165,9,165,'2016-09-25 00:00:00',12917.1),(166,166,3,166,'2014-12-21 00:00:00',40184.7),(167,167,8,167,'2004-03-06 00:00:00',30228.8),(168,168,12,168,'2006-12-11 00:00:00',42145.1),(169,169,19,169,'2003-03-23 00:00:00',24671.5),(170,170,19,170,'2000-11-13 00:00:00',18244.2),(171,171,10,171,'2000-06-28 00:00:00',13515.7),(172,172,19,172,'2007-05-26 00:00:00',24557.5),(173,173,19,173,'2000-11-21 00:00:00',12197.4),(174,174,10,174,'2000-11-18 00:00:00',41101.9),(175,175,15,175,'2014-10-01 00:00:00',32605.8),(176,176,9,176,'2001-09-09 00:00:00',4830.21),(177,177,11,177,'2011-04-11 00:00:00',28035),(178,178,10,178,'2015-07-29 00:00:00',14358.4),(179,179,19,179,'2013-12-25 00:00:00',22926.3),(180,180,12,180,'2011-09-09 00:00:00',15155.6),(181,181,3,181,'2012-03-11 00:00:00',26902.4),(182,182,16,182,'2012-10-25 00:00:00',3039.78),(183,183,2,183,'2005-03-01 00:00:00',21434.3),(184,184,12,184,'2016-06-14 00:00:00',40016.1),(185,185,15,185,'2007-11-22 00:00:00',6663.17),(186,186,20,186,'2006-03-23 00:00:00',22405.7),(187,187,9,187,'2005-11-21 00:00:00',39906.6),(188,188,19,188,'2001-09-14 00:00:00',3582.98),(189,189,10,189,'2008-07-12 00:00:00',6147.39),(190,190,8,190,'2017-07-10 00:00:00',18754.4),(191,191,7,191,'2014-09-21 00:00:00',31229.1),(192,192,7,192,'2009-05-31 00:00:00',21352.7),(193,193,16,193,'2010-11-07 00:00:00',12605.6),(194,194,18,194,'2007-06-24 00:00:00',36078.5),(195,195,9,195,'2010-09-04 00:00:00',28501.6),(196,196,17,196,'2002-04-18 00:00:00',33150.4),(197,197,3,197,'2017-08-14 00:00:00',11022.3),(198,198,3,198,'2011-02-06 00:00:00',33365.5),(199,199,15,199,'2013-09-20 00:00:00',15461.3),(200,200,6,200,'2007-05-23 00:00:00',35804.2);
/*!40000 ALTER TABLE `venta` ENABLE KEYS */;
UNLOCK TABLES;
/*!40103 SET TIME_ZONE=@OLD_TIME_ZONE */;

/*!40101 SET SQL_MODE=@OLD_SQL_MODE */;
/*!40014 SET FOREIGN_KEY_CHECKS=@OLD_FOREIGN_KEY_CHECKS */;
/*!40014 SET UNIQUE_CHECKS=@OLD_UNIQUE_CHECKS */;
/*!40101 SET CHARACTER_SET_CLIENT=@OLD_CHARACTER_SET_CLIENT */;
/*!40101 SET CHARACTER_SET_RESULTS=@OLD_CHARACTER_SET_RESULTS */;
/*!40101 SET COLLATION_CONNECTION=@OLD_COLLATION_CONNECTION */;
/*!40111 SET SQL_NOTES=@OLD_SQL_NOTES */;

-- Dump completed on 2019-04-02 10:04:01
