CREATE DATABASE  IF NOT EXISTS `centroeducativo` /*!40100 DEFAULT CHARACTER SET utf8 */;
USE `centroeducativo`;
-- MySQL dump 10.13  Distrib 5.6.13, for Win32 (x86)
--
-- Host: localhost    Database: centroeducativo
-- ------------------------------------------------------
-- Server version	5.6.16-log

/*!40101 SET @OLD_CHARACTER_SET_CLIENT=@@CHARACTER_SET_CLIENT */;
/*!40101 SET @OLD_CHARACTER_SET_RESULTS=@@CHARACTER_SET_RESULTS */;
/*!40101 SET @OLD_COLLATION_CONNECTION=@@COLLATION_CONNECTION */;
/*!40101 SET NAMES utf8 */;
/*!40103 SET @OLD_TIME_ZONE=@@TIME_ZONE */;
/*!40103 SET TIME_ZONE='+00:00' */;
/*!40014 SET @OLD_UNIQUE_CHECKS=@@UNIQUE_CHECKS, UNIQUE_CHECKS=0 */;
/*!40014 SET @OLD_FOREIGN_KEY_CHECKS=@@FOREIGN_KEY_CHECKS, FOREIGN_KEY_CHECKS=0 */;
/*!40101 SET @OLD_SQL_MODE=@@SQL_MODE, SQL_MODE='NO_AUTO_VALUE_ON_ZERO' */;
/*!40111 SET @OLD_SQL_NOTES=@@SQL_NOTES, SQL_NOTES=0 */;

--
-- Table structure for table `curso`
--

DROP TABLE IF EXISTS `curso`;
/*!40101 SET @saved_cs_client     = @@character_set_client */;
/*!40101 SET character_set_client = utf8 */;
CREATE TABLE `curso` (
  `id` int(11) NOT NULL,
  `descripcion` varchar(45) DEFAULT NULL,
  PRIMARY KEY (`id`)
) ENGINE=InnoDB DEFAULT CHARSET=utf8;
/*!40101 SET character_set_client = @saved_cs_client */;

--
-- Dumping data for table `curso`
--

LOCK TABLES `curso` WRITE;
/*!40000 ALTER TABLE `curso` DISABLE KEYS */;
INSERT INTO `curso` VALUES (1,'2017-18'),(2,'2018-19'),(3,'2019-20');
/*!40000 ALTER TABLE `curso` ENABLE KEYS */;
UNLOCK TABLES;

--
-- Table structure for table `estudiante`
--

DROP TABLE IF EXISTS `estudiante`;
/*!40101 SET @saved_cs_client     = @@character_set_client */;
/*!40101 SET character_set_client = utf8 */;
CREATE TABLE `estudiante` (
  `id` int(11) NOT NULL,
  `nombre` varchar(150) DEFAULT NULL,
  `apellido1` varchar(150) DEFAULT NULL,
  `apellido2` varchar(150) DEFAULT NULL,
  `imagen` longblob,
  `dni` varchar(15) DEFAULT NULL,
  `direccion` varchar(250) DEFAULT NULL,
  `email` varchar(150) DEFAULT NULL,
  `telefono` varchar(150) DEFAULT NULL,
  `idTipologiaSexo` int(11) NOT NULL,
  PRIMARY KEY (`id`),
  KEY `fk_estudiante_tipologiaSexo1_idx` (`idTipologiaSexo`),
  CONSTRAINT `fk_estudiante_tipologiaSexo1` FOREIGN KEY (`idTipologiaSexo`) REFERENCES `tipologiasexo` (`id`) ON DELETE NO ACTION ON UPDATE NO ACTION
) ENGINE=InnoDB DEFAULT CHARSET=utf8;
/*!40101 SET character_set_client = @saved_cs_client */;

--
-- Dumping data for table `estudiante`
--

LOCK TABLES `estudiante` WRITE;
/*!40000 ALTER TABLE `estudiante` DISABLE KEYS */;
INSERT INTO `estudiante` VALUES (1,'Julio','Mármol','Mármol',0xFFD8FFE000104A46494600010201012C012C0000FFFE01020878E107010000000100000001000000010000000200000002000000020000000100000001000000010000000100000002000000020000000200000002000000010000000100000001000000020000000200000002000000020000000200000001000000010000000200000002000000020000000200000002000000020000000200000002000000020000000200000002000000020000000200000002000000020000000200000002000000020000000200000002000000020000000200000002000000020000000200000002000000020000000200000002000000020000000200000002000000020000000200000002000000020000000200000002000000FFC20011080064006403012200021101031101FFDB008400010101010101010101010101010101010101010101010101010101010101010101010102020201020202010102030202020203030301020303030203020203020101010101010101010101020101010102020202020202020202020202020202020202020202020202020202020202020202020202020202020202020202020202FFC4001E0000010402030100000000000000000000080506070903040001020AFFC4001C0100020300030100000000000000000000050603040702080001FFC4001A020002030101000000000000000000000005070406080102FFDA000C03010002110322000001AFFC7E94F1E72A3B734A38978F872C18F4BE11E1298D8FC184A63D19281D087C8ED306F0B953CD4C615F278E7E74EAF099701237B60D47BA604D82CDF1DF8D57BB055891046236187F30562DB0679EF1E92A8F5CC7D72F365EA6DD7560FA00792721ACAEF54287473470C62368373A60DAB214C66B07870310ADAD496A23D0555CE60EE5F3672E84459EBE68462B9939A6D61C9871C06BEEA157C994439CAD17DE3752215A4356A56ECA338A57C94F563C30D82466A88F30BE24E87D26C033E68EB931704778ABD82CA0EE020FB715184ACD5D4D5562EFA9C74DC1E426285DC4DDD1573495A9CE86C9DC91E335AF4A355F215F01324F6BCAF90AB4863565AA03960759543B21EA2442E94CC0547F7422B6D33539DF45427BC5975BE724954465756D0F1CA76FA7B667675DADD4F5AE853BE8502B4455FB4069E3D78735FF00FFC4002A10000104020103030305010000000000000302040506010700081112131422151621242532420923FFDA00080101000105017A0FF97B6FC2D03161E4D81BE313E52B98CF23863EEEDD3240108881B2593267106DC8A91A6238598A1A7049EA279797A65CA3C51679E2B217BF707E3564D9D9DA15B8DB08438A4D6AD2FC2E21B2D1E33DA29C86EB990F2E65DF7E7B9E2DBE147911FA4D2F0E0DF5385ADBF7D994A6CD45123A8564964120E5AB8E4012B73694B321F136E8448BE788BB6523E7C38C1924EEA6633F44FE29721B0AB54B855B485A257BD1BDEBB899226CBD7E5731EF1A9982BA77419CCD6EF4A85B172BCE39957E3BE790E946487124A3B0338D85B36BAB654661469EAF57DC3BD8F5B92CCA3D048E6CB5B77F79EB1AB34AA37DFA3F4F619139ED9573BF2A69F4E3108CE79648D23D333ABA80F6C0954AA3EC02B5943C73404765832777DA9EB8B9D809B97A43DE368B7DE74E6CFD72237C39EA7201181C68718CF1F0BF73908E16258E6534E418E0CE6B3B85287A87A79654E11AA8A7880D3615AB697AA03E9FD54745B02E98293946590BD00857CB2804943D916B1660DBA19D376289D783D035E8B979FA9412A2DA99C09B22B371ABDB50410D69B456DC664BAB9E999BC4EE112BBF10B4A11BD6E8E0ABD3B2C502E06BECDB9ADB7D69179E9CB2197D23E5E2BD836F53BD8E119A1321BED8A9B21B1776ECA710DBCF5CCEDD2D535BAE1E3D363DB3699AE0D4B39418C4A4230877B211CCE9B1995F4B0A6F2BAD3C104E6DAACBC81B6463FF00AAB70E47EE52D8AA2D8BACCD5755579FCF29F726CA308C5466C8C4540B6D710192B1559B8FA72EA26B743DD91ADBC1AEDFA466D15E64B2C895EC12DDBC946D9023A956B10F366F7EEA5A53E493F7444BD43332509CA72842796075EA1BA41FF429B5118CAED1D785D7F5E7F86DCFBF5C3755AB653E8887B03FFB825518F9AFF97F519143540148A0385286DCCA5211DFF35839B32D0E5595ACC29496DBC9FBA6F545A95E5FFFC40023100001040104020301000000000000000002010304050006111213162114311022FFDA0008010200010501945C5614276504CAA6802C2B93AA9E395B4E1D159E18CE4A9022E5710355886E75F1F902CC76A3EAC1F69EB2720A4CD28EA48AD6C81440FA9C66149F2A6F7E3B6495471DD1EEA74F05672BA00BA2EF5B4AA3FC8C478C61695B69D95F4AD53530A6E95A3BC5B24049919A760B90241943DB7C71551AE7544B5EE33D5A8E336A0606830997198BB27E58888CE41414B4FB444F959FFFC400221000020203000104030000000000000000030402050001061112144121222333FFDA0008010300010501AE87E9B1B10A38B5D1C92AFB398E762CEAB94976DACDF6A4C401BD02C969356BBAD0EE6C0F68940CCCFCD93EA7E7789FE2B74902ACF9E4D466CABEEC0EBD56BD1977191303E743E87CE8A4DCE10E8BA0F49C316DA1AAC422484A3383BD553D7E9DBC2DB5D3053B10E8BDB8CF54DCB74E71A77102019549E72B20B4DDDF25D48F3AAAF6576F8760DEA0CA3125836B30E7CE71442179294E649D1FF436F714F3FFDA000C0301000211032200001006A776E6C77FB8CC70EC509D91904BE0FE208EA4E41D1332595BBC40F95C6D30CF22C687C7FFC4004710000103030203040508040C0700000000020103040511120021061331142232412342516171152433528191D1F007A1C1E1101636435372738292B1C25562638384A2B2C3FFDA0008010100063F017413D6F468A3E792E09D3E29AF86B335401F6AFDDB695BCC50D4C47BAA84AD36BD5D204DF1B0AEFA5165C8EFC5C95A17D1EBA2A818F7800372424CBC28BF47EF4BABE53A1C46A138247DA25BB130216DC5FA667C37540C4BC2BA950E5C1AA1364E8FCED5C6E7B00FB84B65ED31C53B868DBCB892AAA6FD0455101C6D50C0C6E049D0C7C947DA9AB00AAFE7CF44C4CAED1A1BAD960E3326A509975A24EA04DB868A2BEE54D7A4E2AA05EDFEEF03CBE0E7E6FAFE53D0897DD5386BFF00A9EBF943455FFBD8EBFE4BA1A7B995C49B38C657547181255C335F1902808AF9EE0BEB694ADB0EFF00B7AE8796D2BA6F39CB623A0115D6F633546FEAA6F6BA6A49DB075C2353CD14484796624AC9AAAA80D942D8E82387323DD6E062E2F66BA616515254EF2F871BF92FD86CD4E6763210E438641E89E06C48405722C9A2BDFC24A0A8BEA59454DE872224A85515269E940D039163C53121928D32477CF0E626256DCBBBE7A0A7B58B74FE78BA4ECB90CC726A3B90C8E02F65B62817695B250111450DD1321D332D816C81C6FC4DEE1979A6FECD7140A8F74673EE00892B5DE308A59128F8B6735E0344FED57F1D6E1EDFE7BF7EBE887ED3D47451E8A67E1E822187FAC74EAEF7DFA777AF97EA5D4661A230E5B22828858911B8A446AD8A75B2237F1BEA383B15C2520C9B71D216B96180A2190E48881DE1BDC9056E3EDD66C14750555374230BC4CE4189662EB97C557045BA0DBBBEF4D489122298F24D1965A7BC66E135CC05568D0488145406E89D4936F600CD69C58CE9361CB36D79439ADD925D853BAA18FC434A6FAB6D4E807CC2900E72F9B15D35CE3BED5D326F654DACBD7DD7A8D10FB8A0D84F8ED0AE60D5D55A90D3795CB1BF2893355F1AEFD75C4ED92DB702DD3D67A8D4F753F5EBE8C2FD17B83FB535E104F8006BC03FF8E8BCD1A8CABF0E6B8283B7FD12D3F87544BFE3A660BF7ECED8C57B15C7BE18000AFF00C29967F768545A6C8E536C09290892B48D8A8A080AF44EF12EE9ED5B2F98B331C71F6FD1F71E26771155B2936CB622421BAE242BB85FDB7ED14E93268E5CB06F2804DA8380DAAAB2AEB6E22F786E5DF05034DD2EA2BA6D1A7C041867E7B7153371C0B2AB8D92EE0AAA20374FACABD5574E8A3DCDC9836DC2DC4904CD706B7EA576D57DD95BCF5C4925F567990A2448E20800A593CE3B910B8BDE445E4977476F6F44B56913F9C66946BEFCE8CCB4BF1FA2D5B24F875EBECD26FEEFCEFF000D75FCFDFA96E0D95318CD0AF5E82E3BFF00DD346DAF8484917EED41E21966A0CAB2ED3DF46C7232268C1E8EE3623E7873D17FAA3A6E2C19FF00396C6EB15D146E40B62DE590B65E345BF51D655D99243D09486A34369C75E5603D6406F7FC6DA1F91D67C88B720579E8A6C9C734F00BEC778ADDDF57A7DBB98B441259243BAFD6D9720215DC57DCBEEF768B87E132CB8B527DB769CF3896E403AAE3868F2F41005E62F87C21EFD5429E183F35C745C9B3F900C9BEE37B2B2A22ABDD6F980A375E8E7B752971FA4A651CEE9E7E89D67FD1AEE8AEDFB35F6FF96BA27F8743D57274ED7DFBA020DA75FEA2EBF7680182E4C86262BEC3C83F44E030F7793CBCF50B89D6A1263CC28B4C82CD2F9CE934B50C9B8BDA453215BB8A59A8EFBE5BA85C3411996D1974E00B00EB4002F8B8ACB61E32DD52F96D74EBEED7CB2DF1455E947D9588EE51614C74E9A6EB2D934528E2493750D4FAA87872BAA08F771ED4E80A48C54B200C39ABE4462BB875FD5A62697343B253E51E71872755D375B6A33628297BE47DDFB7DBA995AA7F0D4E8F4B94DC573E55AA2C5A352CECCB6DC890DCEA91B0CBE00AD2644D11E3DCBF886E951A1F0ED1E5473A55261B2BFC6CE1961654E09B528D2A14727E5009BB1DC691970148173744439963C01FE33E07AFD0A138488CD55F8452289272065C14895C80AEC395B498E9E89F2DCF1EA2A837B79A7F9EBF0BEA28FB448BE393845FB75FBADA8A25E129F8122F4DD977155FB935C35121B64EB8EC8398642A380F62E49D904761BABA1F9E8A12613BDA23BC0CB8DF315B31706E3CA6546F72DBA7EED4F7243B84C605C418AF340E11BAAA98DD4BD5B15F2D3D1D8649C74EE0C34D029B8EB85DC6DA69B0BA92AADBBA89EB2698E27E2260F8A38DFB1B4E33458F0DB9B47A34D76A4EB94D7A1BF2D580972995A7C1E6F69E530DACE50B9A2819176AAA3F1DD69D238126991A0B5269E04C2342DC47EA0D4958F8AD9505BE58F71071C49C13830FE7CF334F8B1A3328F4C7AEA51D414E51F2542CEBDE945D50C04C65C8151C5F744AA2C04166B4CCC6E5849A7CD08CFAD4189A91DB951E604DB3155BB4C0342D3E4CB6A0D362E2AE2263C41C79FA1582348AA5189C7F893F47382C46650B581CB95C3111D5F993D898CA1A736BCA38EF82C7460963B12144854545551457A8AA2D95153CB4C35FD1B603E76C90532B2FC7F83B529B6C820F354CCC5B06CD8F482E112DB114C6EABECD52389A3CA935AA5D4895FA63F4EA8936E456A6B488B14B957CF1F4CD2E0BBF27CEFB13CED3B8889C3468F9AD18BCACE6D907A675E34166EB6EE928AF4EEEFA8F3E18CB652E1C82A8B8C24828E3E247C19CFD1ADD56D95FD98F9D6F892A0C4C9414782E5228CC456E547724562B0C3ECBF260D55A3065A7234602655B3472CB5F60BD0D9B2D3951A9C78C15B9426DBEE4771640843056822B4320A34575E278223129CE734A62FCE90284408162278C5B6DA6CDD3B96C2DB639192AA6EB8A6FB6A57C8F3C1E7616EFB0F0947785A5DC640839E36F74EF0DF1F3C6E97C9B24515F09028A8AFC092FA875AA3D298A94F71E8CC54D25D767535B6E9D4F62A12A1B90D8E5C861C3E7BA0D2B7CA67219C4646BC804D542A5C308DD06171853838BA6515D17670D3EAF52ABD66254FB3CA178D09A90E538A60B6380B5F28AB42202D0E877D29AAD8411497EED47E1988FA88BEDACCA9F29CDFB3238A10E19E3E14220270816D7C5AF25DCB85F88C1EF91AA21CFA393ABB35240F98631B25EE6E79F77EBAEBE71350C1B6DA78187889C5C2CA0D9D8CB1BA22277907CBCB4D438B25B1E565CCE9716F70C956FB5D10AD6F6FBF6A44C0764C5FE33F15D4650394F6657153D2229D7DBE159E274682AD852623F4F853A2BF6711D6B029B71F440D361D6C57EAA5701025455BEEBBA8EFA7A6536A3508C11EF0E9D91823413294E3B0A5320D6E9CB715B75CE59F8C5F5C8450934CBCDB8F05326913042D938D3D4A946D11394C70496EAD1B62F9B0775471968C5555D8D204187A2CF7BE487DCC8A4B6A251B98E2EEDCE8ABE8BBFB59C51EBF51546F439FF00A3691C16C5429F5B88E57A37128CD6A9D5BA51A8B0ED339CC36F1D2D57984E73DB3154ECE36EEA909522AAD468206D70B53E14A6C643AFB4D4B6EA15692FB51DF565B57DB1ED488264DB6ABD5403A21B7478A752752E28F3AAB1A222FD6B92647F60FDBA7416A6B4F8A5E18D4E2563EC2745732F6788516FD34525E2570DD72E664A444AB7CAEA45BAEA8EFB4DE2549E402934B81A38D2A82B8061B8AAB782FDBA6A6C1AFD541D28CDB4A3CC8862AD88AA8B6A24C2AA5AF6D652E14B953C8B37E4552576912304D89B6471676BED76F6F2C753F87BB3395191C09C4F3DCF929BA82C794D42915189C514638098DE9EDC9767D6002F7C9CA54B3ED3146CDB51DF024369C11700DB2131369D0B898185C4C56E057155FB755982C0B2BDB2A6EF15D195E151E784D749D971197113D1A8B8925AB5F64C56DB8DDA1357D865D58CDD4A3FCDF9CEC26A5B1226D31D17DB751A53464511C6C5082E0E32606004952E1F290462C3C6ED35E92819CAA549527212B823DC2311BB2E6298A391DD0DB0244AD535F10F4E53E580B6D032C284992EC9169B69B4C19E4A9AB620288882036B2593546A0F107141B3C494EA0D3E3F10C5698AC82C5AAB44FB6E83BCA82F01938D8477EE0E10E32C3D8BAF0A2DBCD6EABF7AEFAC076DFA6EA45D361F6AAFE3AC2D8EDB895D2CA9E6A3A0B8F3A31D99951EFD55B5B018DFD6415E9E77F858A21D56247FE89B9AEB710C2DE11F4F88ADAFEAAAE824395CA48291794E8EAB6BF7950015557FC3E7A8F4BA94E4FE23F1F853F86EB13E50905329359626365C3D5E26A510B438ABD261B920D93506A7DC71112D766C5E588C803713B432EB731B6596DB6942491290BD72432070311512B7A88A6450C07E5BA2F366D11E451175C5C04A45348BAE2F234088BB626CB4BE112BB352A6A8B33C3166753CECDB33DB1BEFBD8587C1557135B5EEA058ECA11AAD1B9B1A603783D1DC120546D094F0264AF86E66A8409EB2F89152DF2B02A11B5B9881EC4DA8E260249F5B1F3F34D3F508731A6BE51A3C095200937ED02F4C8975C7FE5C68FA2DBF0F85F58DBAF4F779F77D9A40902A623740747E983A584AFB383EEDBE29A10334386FAF8F15EE1DFD71F557C374BAF515F8DEC965C77EBEAF97E7EFD5D3F575F3EBA084D7843BEEAA74C97C00BF045BFF0079354CFD1AFE9E7B654681001AA7F0F7E90D861FA85668105BE5B6C5338922B284F55E23380E0FB22E486C53026E40E3CA99FA45A671B70AD4B845A84E3CCF10C2AD539CA4BB2159558D07B4A3AA2320DC56D948CABCDCDC16F0425B2119BE44A6212DB241E59AF3EC6A2A02896C48BD51E8A9EFD1949605CE5B6E72AEAA3DEB2E0A8A36C6CB8AFF007755D90E1B4CC52625BCAD98A10881A9136CB77B61DE504BFB117526A734F379F2F5D6EA2DA2AAB6096DB645F2F7EBEDC7F5AA6AFECFDFA5FCF9DB4A09B817502BE3D7AEDD17DFA7D8325308FCB4694B72113055C2FE689E5A79C15DDB6CC86FE1B885D2FA69DBAABB2455D71C2DC90AEBE0FABD7F0B7F050E3F35CECEE56A92E1B1997249C6A4D9A326BC24A172445545F1AFB5754D74BC4B100364F2504E9F9FD9A6C856CA6AB7B6DD6FECF8EA7034E28A3F3A3307FD92F7D446DD3C36FB575D57EFD7FFC4003710000200040304070605050000000000000102031112210022310441516113527191A1B1F01014324272E1052381A2C135628292B2FFDA0008010200063F015B9A4CC8ECF56E47BF0626902A97D46D3FF1E7CB016139574BFC33623AD662099DB281298B6B8E976350A214313992B390008A5AE8C372CF348802D331763688767E8A033CE904CD1916991D3E2C66FC4A2EBB9618FE71FD4237ECC049E89E64FDB1B0AC39168906A9FD44F8CE73C3349780B66F5F6962ACA225A7975B686FBFE169EABC71B6428394C5FC32F2EB31846D6EA53DA7DB1B34D54A8FDABE3AE191DAFB3476869F4C83F9B9F430559076DE73C1A46561A79698F7A87B2C53B334093C428FD1D652D4BD34CA4A921C4D3CB0B3B1F6456F95A213E271B56C94931136A0DCA97592DF8FE59F0C56C8645A723C3BC7860ED51143963915B450279F9DE6AAA7CAF844788B0CC46C809B9ECEF1DE3962A5CFCE7AFEB7C550D2A43A1D3C0FAE13C29E83DD209F9A2E4EE49173CB2853A4C6B85D91088AE62D512253492CD3CD29995202A0BFC32E2706A33ED27F9F5A6216F85D12D3C677AFC74C6D463439C26894BCD73059E474E34AC8CBE64DE18295E8767DA0C257BC364CD0E22CA7994CD26569657550CE97A959667676142D70E726659DEF7F63530FA514DD0FCCBBC4F8EF523781899891A11EAD0A4FFB4FCE584E8D5921FC85C89EFD40B2CF502E37EF18D9E327E5C735286958A8A75E3A8FD0FF006AE0C3312942B5650668E0CC14E00F5771B8C418511C9754BD86F3396FD272C37660FAE388E156914A9EF4527BCE155452AAA25CAC31086E91F318D9C1B8F7987FF43D9FFFC400361000020102040305050607000000000000010203111200042122133141324251617105108191B11452A1A2C12334627292D1D2E1FFDA0008010300063F0163D745F96BFAE3835FDF65E5AD101AD0F993D16BE7EA4CA82C73CEBB41A767B2A5452D3AD6BAEBCB1C1CDB5788E4AE80D013B7728B5974D74012AB53AE8B9A5413DD22AD2B41A8635D2A7A636E4633EA5FFD71FC0C5F9F0A69DB7FF9FA63DA2D33158A39C25BFD0AA3E54A6BA56B858C33EA6BCF693EBD3CB091825A3352BAF2F4A8EEF35A764EBD7194966D4479DEBF756FF8F6AB861E0E7EBEE897C17F1AE165CBA5CB99891E4F1AD2CAAEA3BB18D00E7AF5C215EC8205B4EE9EF7C3E78412258E8E351A123AD3C2ABF8F960E463CE4114D1AD5615923BC6B56AA56EDB56249EE824F5C4854DCA5CD08D473F746A47251F4D71916D0A4C96015A6E8CD4FA56E5D7E86952E50A2F22411EA6DE7CA9D9E7F15C365A391F2F97853758374B2EDA4175BB1786D7BC8A7453B770B1A7CC4503CB165E3412B226D45D152EB68056CE7D4A9275A9C5B3BB428AA576A5687F993613F3AD7C75C2B2F2382A67FB54ABDC845DF9ABC3F5DC48FBBD31F6D20C11C715B1C575D6A28154A8515B8DCE76F6BC80C5A1B6F8B1AFC8EBF2C18EAC3DA099B9B8B5EC188F08E58A9F1B0B835EC80B40A34C7B3A3C8BD862CAA05D763B15AC913D7C5EE15EE3F2D8CC8D1CF9AC9AC96C76C976C9632340015D769B91918911C8B4B483B65CB5B5E04AC95B79DAC454791E9EE822CCCE727148D68980AF0988D8E54900A576C8A4D3865A9AD0844897299845ECC82574054F2AA3213FDA48C66B2926623CCE612D332C2B58C48ABA042D6B1645A2331B4F6900D1836772938BB288C9B08355662D5B7EE9DB5A743EA4E15B85C4689AD37116C919D2D6A6A5ADEBE1A1C66258F2C9C367DBA9D4280B5D29CE95F8EBAE0FAFF9F77B39A472ECAB3A824926D491D516BE08A02A8EE8000C492C8C5E591CB33135249352493CC93CF1EAE9F46C6799746FB3C86BE7C33AFBBFFFC40023100101010003010002020203000000000001112100314151617181A1B1D191F0F1FFDA0008010100013F108B434B58490689F27FCE8414401E6610F558CEEF6FE238190020B1614EE879EFBED009AB3CAB206A898480A2022B52B242E88368B42E2D39AB73C4DB4495A289113BB2297C5E6C6251C60E995C29C4C0C1D2E89B1E0C54C94413EA2E77DDECEAF1AD31E5C078901026F538C456506FC0D3D5EDF1F0AF280A2C7421DD736FEBF3C031F89E87CAA777FAE51B4360A4BD44F551BA21AE238A77DBB0121DBF1C9CDB923625456357413ACA0586C1000A31A639090E199F1E65A816963428A3C26A8C025492A5AB4DF1E266843366368E162C171B2377F48F85F34AC607C65AA90E8A820020E36717C84E387D0D1A8F67CE125226750C8CD519D2F9E4D1111474A730FF008F501F3BF65DBDDEC9F02B8079FBFBCD580EC2AEAAD4AA217A3B9A87E8760FD6A170207CF8F162B8D37BE900A8312B082A3CE53A8425808907024398D52499243AC528D413232CA81A80EF0BC11814A4619A9DB2A9D06B91897D47C8512A0D2CE1D06780ABD00B499B16ABF9014B08554814C3BF2BC24C40696CECA220FA1D6DE2D7D5D0FAD982F679F1FB98CE9CD33FF27F39F79F221B0109703D03937F1CB11B404080EBA6C3C13FDCFA9A34287BA8822B7F643135DBA08EA4B05528F04441ADC22A8D1CB7C70065C95DBE8A885A2DE7021ECF8DC3C9F2E40A66634F50DD620E66053809E4B6FC9F905DEA6B814819C08045DF67E7E7D38A2805116805C42F7637DD6F05A1D4502F5A9F95515FE2951F1D667F7D35EFA7B7EE63B8CA5082231B4C9FE391DE613C719BD5EFFCF909F32A6E2286DA64A338617390640AEC559EC9382AD498EE9543A003519A85CB84BF2AAA258DAE284700A65010111F13142EA88A639F3E0B3542B5705AC0EA34431B0D87CD15D2A42A6A84AA2749099F8ECCE7A992195899430F7B7D7E636D3AF4A23489D9505C9EFCE7BFEC3F0DD3A7BFFAF18AC4C8AA4152A19C4FC4871DE86E8226A43B9BF8FCF7E47456341008A6362269DA6478DB292B905AE6DBC6DF20419D82C568477EB9A2B15A505011E04519E5F18DA32692AB30A10741593C6BA2A505723F0C14256C00818FF404F570343BAF0836C1053A59480527020A894649CEE2983464D6B018D4709FC7A1FAFE2A27EC7793456BCD4F32EC00B7E745E11BECDA8CFB9624C7EFD387212986AEEE1284CEF99CFBF3654D345301F97855A2F324330B044E8A5E255808CCDA06991812D39416ECB2DF1E032A055C94C3AC565C008C3C988A7AA05363314452E483257635F8A108F220BB9FD843391283DCF89B23E9D3A71D34E79021C7C3470801422443A7F3CEAAAD26812497B326DFC60130A329EBE91DEDFF00CDE34CB4755D5A443291416B1C2D9CCA85053E10C381B488D915B6C9BB6988640D6DD688022408644DE0BB836C9DD7A625B5851C12CC5C153BA270EDFC20996102A7107B95D00B30E5801CA2D502B800549F291EC234A3E3F4E08DB8770A93A6C9CCA98C219194F3CE0852AD6FDD48BD84EC96FBECDDEB907C17ED2B31FC70FE9C5B4095B0B056A9C51573847260DE6245280CA234AAA4A9A0049D2A45A29B0A895C5815066ACF056605058F6208D5CE6FC4AA1A506EB652ACBD76AE90B30AD14182B042A4C976C77761E2A4644E410A26D6D2042909BCDA497808168D6E20F20E3684479FD120824BC25D203EE74D0C808D7174CAC90A4EC50E838C447959771882614546AEC77E83C4B5BAA437E0F52D28CA9EE8A2162D91ECACCE685A48E5AB6A933F4F2CCAD9A2F40A83519C6184055950BCC44AE22F58F6AA3FC44254417E08598C5634A00CB8E0AF58500939B19D81B81161372A70100C002021F55B3A4449623C78266A076F4917752647E775E3CD0764A02A176612F5D1C14008C0401127705FEB139A9047A42A90036820DF5C0B6055990A74F48BD1F61C17D9B8A040D21E3E8149C2DE0E449FC226923FC409AD3A7DBCCFCF07868527B0C4285516B8F38E8864D01148441477C6A2898BEBD236CA9DC5C3452139133220280440C8218C2E6771901431070FA725545BE6225809BF49EFD3805E815B7B05F7546D7B7BCBA00563C0AC072A8B8169B47C672048A00C5004A478125072C19055D1292FBFC30461744A01AA8A1E7FBD23F4B728C7CCE819FB0E35714666BD81A42BAE1803B31EFD84C8BEB848B250840A110A634474C0064AD031F13729C463A4D660D38063622088430C541DC5B0007A0554D6957E23F81E875D0767DFBC4A29BD1FD31DDEAF93814154469E611E5E9BDF209342E352044202804EDEEB458920A8BD420942832B08E092ED75308C5CC4CF9C354AE0AD1503E54521507055ABD2AF6F66FE8271E1394510743DC801E89414BB600B31B1EFD7BFC4296ADE1EB083D763E7C2761D591B14C14DA8E17A258F70711A97EF3FFFC4002310010101000201030403000000000000000111210031415171916181F110A1B1D1FFDA0008010200013F107108686EA40B2822281C1050A6688EC2082074A116913015100800204629025851410802E434888A84AA282D4011C28A80196AA10D55D8038DE17604A4A45A92B2A92E5BE384412401A3D09E9FC747475CCF3829A828CAA9455EC0310C1ED2B2D017A8184032046B606D10F204B1416C0416350000E6E44812E13C006D4925C4045332A15419680096A5115568241B143B6A505DA5DDF3DE43793D47DEFF00BF9EF7800474A1126A8AA248D4AB291E0ABB378808C2F4054A0041005B3AC2A9540085BE474C14C67B49AF0ADA137BD9A2C0561B1ECA1023B2081C420A707B6802234606D8E7BBBEBC3D9F72BFDFC7D39408936B1141528913B0278AE4CD0D401097450DC9518AD0A3280011C450458B697BEC7221D2EAA050230070315D02B078645A281B52517201A38D227444900D5015832058020A22DAC74131445044444D28D08B2F262BAC3160926D34C150FE86169D8C280081DA3C198D02152108648888F444492345106631484324188AAB56BC4965108119804B5255E13AC7C4941242AD6445F118048489B500651529880989C81BE2DD525EBEB76CEC87824CEC880AAA118222511E7595D354532200930D098335E69A8A9462A5403B0210A6828EB44084D91042408AD14CC604F000092D40ADB450556D15AD045143F20998A4E40924A278788553414F7FC0F8E14B660005590CA8ABE555D5E0AE340C0740100F40C3A3380595000AA02C80E02AA9EABEBC41020A3A22491B9149D6F5FAFFC400221001010100020202020301000000000000011121003141517191B1C161F0A1D1FFDA0008010300013F10D7F6549110A2244429408DC4E2D0122A10962254100222413847EC8088148C50AC416584ED6C00A2B00D2941A8471348E240121091142D148BD82B8A4574F4D25EE526CEC2215535DD5DEED2FD1CAC488EABDA2DD56ADC540CF0132831AD84B45254049146AA50221C4443035280486B478A6612C095468090F3A0035C0CAD2402C112A900D8C024451AD61293A530522049B9A3478087C0F479DF4FF7C1D01442ABE85248EC77D169DABC11870629A4282AC50AAAAA52394EA591A8DC742053220CCA6C854C30AD3A3D08C4C7CDD5F213AB397A8C41409C468105344C4431289A7BE4F6B7F887E9FCEF670A70893A3018B5E929E7D77CB181D052B15440400396A038DAE1A90A00D4084ED5EC5E6EB5D6CA82E21B34459719573882A59062AEE9401630D4D00F4B6347240A00704F234D0FE1351C44185ECC792430A2B5A464622084EB5A4F934408284994E565E0B7A3068728A22B605008078223D11C612D2ACE60242041D4C02412A025114503CAABD56D58002598C9549E45A7366890451505485119BC7E3F4664E835370EBFDE3FFA100A048642DAE8E00CFD146204654053BA05825A9C8A2651D821680704AA142C768212D022021500160200254094B93400C24EAE0C184481E6B056A92B084C043E5FBF477E8F5C028787B3C747FD7EF865F4180BA57592100003A7404FCB0A82A555556AAF47C97CB41AF7A677D675C46D0205104C2689089121EB8FE8FC1CFFD9,'14785236A','dir, 21','adsf','654785214',0),(2,'Francisco','Fernández','Fernández',NULL,'52874369B','dir, 24','f@f.com','741258963',0),(3,'Miguel','Palacios','Fernández',NULL,'58963214C','dir, 26','m@m.com','632521478',0);
/*!40000 ALTER TABLE `estudiante` ENABLE KEYS */;
UNLOCK TABLES;

--
-- Table structure for table `materia`
--

DROP TABLE IF EXISTS `materia`;
/*!40101 SET @saved_cs_client     = @@character_set_client */;
/*!40101 SET character_set_client = utf8 */;
CREATE TABLE `materia` (
  `id` int(11) NOT NULL,
  `nombre` varchar(100) DEFAULT NULL,
  `acronimo` varchar(15) DEFAULT NULL,
  `curso_id` int(11) NOT NULL,
  PRIMARY KEY (`id`),
  KEY `fk_asignatura_curso1_idx` (`curso_id`),
  CONSTRAINT `fk_asignatura_curso1` FOREIGN KEY (`curso_id`) REFERENCES `curso` (`id`) ON DELETE NO ACTION ON UPDATE NO ACTION
) ENGINE=InnoDB DEFAULT CHARSET=utf8;
/*!40101 SET character_set_client = @saved_cs_client */;

--
-- Dumping data for table `materia`
--

LOCK TABLES `materia` WRITE;
/*!40000 ALTER TABLE `materia` DISABLE KEYS */;
INSERT INTO `materia` VALUES (1,'Programación','PROG',1),(2,'Lenguajes de Marcas y Sistemas de Gestión de la Información','LMSGI',1),(3,'Sistemas Informáticos','SI',1),(4,'Entornos de Desarrollo','EntDes',1),(5,'Bases de Datos','BD',2),(6,'Formación y Orientación Laboral','FOL',3);
/*!40000 ALTER TABLE `materia` ENABLE KEYS */;
UNLOCK TABLES;

--
-- Table structure for table `profesor`
--

DROP TABLE IF EXISTS `profesor`;
/*!40101 SET @saved_cs_client     = @@character_set_client */;
/*!40101 SET character_set_client = utf8 */;
CREATE TABLE `profesor` (
  `id` int(11) NOT NULL,
  `nombre` varchar(150) DEFAULT NULL,
  `apellido1` varchar(150) DEFAULT NULL,
  `apellido2` varchar(150) DEFAULT NULL,
  `imagen` longblob,
  `dni` varchar(15) DEFAULT NULL,
  `direccion` varchar(250) DEFAULT NULL,
  `email` varchar(150) DEFAULT NULL,
  `telefono` varchar(150) DEFAULT NULL,
  `idTipologiaSexo` int(11) NOT NULL,
  PRIMARY KEY (`id`),
  KEY `fk_profesor_tipologiaSexo1_idx` (`idTipologiaSexo`),
  CONSTRAINT `fk_profesor_tipologiaSexo1` FOREIGN KEY (`idTipologiaSexo`) REFERENCES `tipologiasexo` (`id`) ON DELETE NO ACTION ON UPDATE NO ACTION
) ENGINE=InnoDB DEFAULT CHARSET=utf8;
/*!40101 SET character_set_client = @saved_cs_client */;

--
-- Dumping data for table `profesor`
--

LOCK TABLES `profesor` WRITE;
/*!40000 ALTER TABLE `profesor` DISABLE KEYS */;
INSERT INTO `profesor` VALUES (1,'Rafael Carlos','López Ruiz','Ruiz',NULL,'12345678b','Su casa, 34','asdf','sdaf',0),(2,'Joaquín','Molinero','Suárez',NULL,'23456789B','Su casa también, 42','joaquin@joaquin.com','654789322',0),(3,'Miguel Ángel','Pérez','Carmona',NULL,'98765432C','Otra casa, 12','miguel@miguel.com','654147852',0),(4,'Alejandro','Fernández','Fernández',NULL,'47125896D','Allí, 65','alejandro@alejandro.com','658974125',0),(5,'Águeda','Cuenca','Cuenca',NULL,'96325874','Graná, 25','','698521478',0);
/*!40000 ALTER TABLE `profesor` ENABLE KEYS */;
UNLOCK TABLES;

--
-- Table structure for table `tipologiasexo`
--

DROP TABLE IF EXISTS `tipologiasexo`;
/*!40101 SET @saved_cs_client     = @@character_set_client */;
/*!40101 SET character_set_client = utf8 */;
CREATE TABLE `tipologiasexo` (
  `id` int(11) NOT NULL,
  `descripcion` varchar(45) DEFAULT NULL,
  PRIMARY KEY (`id`)
) ENGINE=InnoDB DEFAULT CHARSET=utf8;
/*!40101 SET character_set_client = @saved_cs_client */;

--
-- Dumping data for table `tipologiasexo`
--

LOCK TABLES `tipologiasexo` WRITE;
/*!40000 ALTER TABLE `tipologiasexo` DISABLE KEYS */;
INSERT INTO `tipologiasexo` VALUES (1,'Mujer'),(2,'Hombre'),(3,'Otro');
/*!40000 ALTER TABLE `tipologiasexo` ENABLE KEYS */;
UNLOCK TABLES;

--
-- Table structure for table `valoracionmateria`
--

DROP TABLE IF EXISTS `valoracionmateria`;
/*!40101 SET @saved_cs_client     = @@character_set_client */;
/*!40101 SET character_set_client = utf8 */;
CREATE TABLE `valoracionmateria` (
  `id` int(11) NOT NULL,
  `idProfesor` int(11) NOT NULL,
  `idEstudiante` int(11) NOT NULL,
  `idMateria` int(11) NOT NULL,
  `valoracion` float DEFAULT NULL,
  PRIMARY KEY (`id`),
  KEY `fk_asignatura_profesor_idx` (`idProfesor`),
  KEY `fk_asignatura_estudiante1_idx` (`idEstudiante`),
  KEY `fk_asignatura_asignatura1_idx` (`idMateria`),
  CONSTRAINT `fk_asignatura_asignatura1` FOREIGN KEY (`idMateria`) REFERENCES `materia` (`id`) ON DELETE NO ACTION ON UPDATE NO ACTION,
  CONSTRAINT `fk_asignatura_estudiante1` FOREIGN KEY (`idEstudiante`) REFERENCES `estudiante` (`id`) ON DELETE NO ACTION ON UPDATE NO ACTION,
  CONSTRAINT `fk_asignatura_profesor` FOREIGN KEY (`idProfesor`) REFERENCES `profesor` (`id`) ON DELETE NO ACTION ON UPDATE NO ACTION
) ENGINE=InnoDB DEFAULT CHARSET=utf8;
/*!40101 SET character_set_client = @saved_cs_client */;

--
-- Dumping data for table `valoracionmateria`
--

LOCK TABLES `valoracionmateria` WRITE;
/*!40000 ALTER TABLE `valoracionmateria` DISABLE KEYS */;
INSERT INTO `valoracionmateria` VALUES (1,5,3,2,4.1),(2,1,1,2,7),(3,2,1,3,6),(4,3,1,1,6),(5,4,1,5,8),(6,5,1,6,4),(7,1,2,1,5),(8,1,2,2,7),(9,2,2,3,8),(10,3,2,4,5),(11,4,2,5,6),(12,1,3,6,9.8),(1551,3,3,2,4.1);
/*!40000 ALTER TABLE `valoracionmateria` ENABLE KEYS */;
UNLOCK TABLES;
/*!40103 SET TIME_ZONE=@OLD_TIME_ZONE */;

/*!40101 SET SQL_MODE=@OLD_SQL_MODE */;
/*!40014 SET FOREIGN_KEY_CHECKS=@OLD_FOREIGN_KEY_CHECKS */;
/*!40014 SET UNIQUE_CHECKS=@OLD_UNIQUE_CHECKS */;
/*!40101 SET CHARACTER_SET_CLIENT=@OLD_CHARACTER_SET_CLIENT */;
/*!40101 SET CHARACTER_SET_RESULTS=@OLD_CHARACTER_SET_RESULTS */;
/*!40101 SET COLLATION_CONNECTION=@OLD_COLLATION_CONNECTION */;
/*!40111 SET SQL_NOTES=@OLD_SQL_NOTES */;

-- Dump completed on 2019-04-25 13:34:00
